Launching Polybar...
polybar|notice:  Parsing config file: /home/federico/.config/polybar/config.ini
polybar|notice:  Loading module 'battery' of type 'custom/script'
polybar|notice:  Loaded 1 modules
polybar|notice:  Loaded font "Cascadia Code:size=18" (name=Cascadia Code, offset=0, file=/usr/share/fonts/cascadia-code-fonts/CascadiaCode-Regular.otf)
polybar|warn:  Dropping unmatched character '🔋' (U+1f50b) in '🔋 Battery: 40%'
polybar|warn:  Dropping unmatched character '🔋' (U+1f50b) in '🔋 Battery: 39%'
polybar|error: X connection error, terminating... (what: Socket, pipe or stream error)
polybar|notice:  Termination signal received, shutting down...
Launching Polybar...
polybar|notice:  Parsing config file: /home/federico/.config/polybar/config.ini
polybar|notice:  Loading module 'battery' of type 'custom/script'
polybar|notice:  Loaded 1 modules
polybar|notice:  Loaded font "Cascadia Code:size=18" (name=Cascadia Code, offset=0, file=/usr/share/fonts/cascadia-code-fonts/CascadiaCode-Regular.otf)
polybar|warn:  Dropping unmatched character '🔋' (U+1f50b) in '🔋 Battery: 38%'
polybar|error: X connection error, terminating... (what: Socket, pipe or stream error)
polybar|notice:  Termination signal received, shutting down...
Launching Polybar...
polybar|notice:  Parsing config file: /home/federico/.config/polybar/config.ini
polybar|notice:  Loading module 'battery' of type 'custom/script'
polybar|notice:  Loaded 1 modules
polybar|notice:  Loaded font "Cascadia Code:size=18" (name=Cascadia Code, offset=0, file=/usr/share/fonts/cascadia-code-fonts/CascadiaCode-Regular.otf)
polybar|warn:  Dropping unmatched character '🔋' (U+1f50b) in '🔋 Battery: 38%'
polybar|error: X connection error, terminating... (what: Socket, pipe or stream error)
polybar|notice:  Termination signal received, shutting down...
Launching Polybar...
polybar|notice:  Parsing config file: /home/federico/.config/polybar/config.ini
polybar|notice:  Loading module 'battery' of type 'custom/script'
polybar|notice:  Loaded 1 modules
polybar|notice:  Loaded font "Cascadia Code:size=18" (name=Cascadia Code, offset=0, file=/usr/share/fonts/cascadia-code-fonts/CascadiaCode-Regular.otf)
polybar|warn:  Dropping unmatched character '🔋' (U+1f50b) in '🔋 Battery: 38%'
polybar|error: X connection error, terminating... (what: Socket, pipe or stream error)
polybar|notice:  Termination signal received, shutting down...
Launching Polybar...
polybar|notice:  Parsing config file: /home/federico/.config/polybar/config.ini
polybar|notice:  Loading module 'battery' of type 'custom/script'
polybar|notice:  Loaded 1 modules
polybar|notice:  Loaded font "Cascadia Code:size=18" (name=Cascadia Code, offset=0, file=/usr/share/fonts/cascadia-code-fonts/CascadiaCode-Regular.otf)
polybar|warn:  Dropping unmatched character '🔋' (U+1f50b) in '🔋 Battery: 37%'
polybar|error: X connection error, terminating... (what: Socket, pipe or stream error)
polybar|notice:  Termination signal received, shutting down...
Launching Polybar...
polybar|notice:  Parsing config file: /home/federico/.config/polybar/config.ini
polybar|notice:  Loading module 'battery' of type 'custom/script'
polybar|notice:  Loaded 1 modules
polybar|notice:  Loaded font "Cascadia Code:size=18" (name=Cascadia Code, offset=0, file=/usr/share/fonts/cascadia-code-fonts/CascadiaCode-Regular.otf)
polybar|warn:  Dropping unmatched character '🔋' (U+1f50b) in '🔋 Battery: 37%'
polybar|error: X connection error, terminating... (what: Socket, pipe or stream error)
polybar|notice:  Termination signal received, shutting down...
Launching Polybar...
polybar|notice:  Parsing config file: /home/federico/.config/polybar/config.ini
polybar|notice:  Loading module 'battery' of type 'custom/script'
polybar|notice:  Loaded 1 modules
polybar|notice:  Loaded font "Cascadia Code:size=18" (name=Cascadia Code, offset=0, file=/usr/share/fonts/cascadia-code-fonts/CascadiaCode-Regular.otf)
polybar|warn:  Dropping unmatched character '🔋' (U+1f50b) in '🔋 Battery: 37%'
polybar|warn:  Dropping unmatched character '🔋' (U+1f50b) in '🔋 Battery: 36%'
polybar|notice:  Received signal(15): Terminated
polybar|notice:  Termination signal received, shutting down...
Launching Polybar...
polybar|notice:  Parsing config file: /home/federico/.config/polybar/config.ini
polybar|notice:  Loading module 'battery' of type 'custom/script'
polybar|notice:  Loaded 1 modules
polybar|notice:  Loaded font "Cascadia Code:size=18" (name=Cascadia Code, offset=0, file=/usr/share/fonts/cascadia-code-fonts/CascadiaCode-Regular.otf)
polybar|warn:  Dropping unmatched character '🔋' (U+1f50b) in '🔋 Battery: 36%'
polybar|warn:  Dropping unmatched character '🔋' (U+1f50b) in '🔋 Battery: 35%'
polybar|warn:  Dropping unmatched character '🔋' (U+1f50b) in '🔋 Battery: 34%'
polybar|warn:  Dropping unmatched character '🔋' (U+1f50b) in '🔋 Battery: 33%'
polybar|warn:  Dropping unmatched character '🔋' (U+1f50b) in '🔋 Battery: 32%'
polybar|warn:  Dropping unmatched character '🔋' (U+1f50b) in '🔋 Battery: 31%'
polybar|warn:  Dropping unmatched character '🔋' (U+1f50b) in '🔋 Battery: 30%'
polybar|warn:  Dropping unmatched character '🔋' (U+1f50b) in '🔋 Battery: 29%'
polybar|warn:  Dropping unmatched character '🔋' (U+1f50b) in '🔋 Battery: 28%'
polybar|warn:  Dropping unmatched character '🔋' (U+1f50b) in '🔋 Battery: 27%'
polybar|error: X connection error, terminating... (what: Socket, pipe or stream error)
polybar|notice:  Termination signal received, shutting down...
Launching Polybar...
polybar|notice:  Parsing config file: /home/federico/.config/polybar/config.ini
polybar|notice:  Loading module 'battery' of type 'custom/script'
polybar|notice:  Loaded 1 modules
polybar|notice:  Loaded font "Cascadia Code:size=18" (name=Cascadia Code, offset=0, file=/usr/share/fonts/cascadia-code-fonts/CascadiaCode-Regular.otf)
polybar|warn:  Dropping unmatched character '🔋' (U+1f50b) in '🔋 Battery: 87%'
polybar|warn:  Dropping unmatched character '🔋' (U+1f50b) in '🔋 Battery: 86%'
polybar|warn:  Dropping unmatched character '🔋' (U+1f50b) in '🔋 Battery: 85%'
polybar|warn:  Dropping unmatched character '🔋' (U+1f50b) in '🔋 Battery: 84%'
polybar|warn:  Dropping unmatched character '🔋' (U+1f50b) in '🔋 Battery: 83%'
polybar|warn:  Dropping unmatched character '🔋' (U+1f50b) in '🔋 Battery: 82%'
polybar|notice:  Received signal(15): Terminated
polybar|notice:  Termination signal received, shutting down...
Launching Polybar...
polybar|notice:  Parsing config file: /home/federico/.config/polybar/config.ini
polybar|error: Disabling module "battery," (reason: Missing section "module/battery,")
polybar|notice:  Loading module 'volume' of type 'custom/script'
polybar|notice:  Loaded 1 modules
polybar|notice:  Loaded font "Cascadia Code:size=18" (name=Cascadia Code, offset=0, file=/usr/share/fonts/cascadia-code-fonts/CascadiaCode-Regular.otf)
polybar|warn:  Dropping unmatched character '🔊' (U+1f50a) in '🔊 70%'
polybar|warn:  Dropping unmatched character '🔊' (U+1f50a) in '🔊 60%'
polybar|warn:  Dropping unmatched character '🔊' (U+1f50a) in '🔊 130%'
polybar|warn:  Dropping unmatched character '🔊' (U+1f50a) in '🔊 120%'
polybar|warn:  Dropping unmatched character '🔊' (U+1f50a) in '🔊 110%'
polybar|warn:  Dropping unmatched character '🔇' (U+1f507) in '🔇 110%'
polybar|warn:  Dropping unmatched character '🔇' (U+1f507) in '🔇 50%'
polybar|warn:  Dropping unmatched character '🔊' (U+1f50a) in '🔊 50%'
polybar|notice:  Received signal(15): Terminated
polybar|notice:  Termination signal received, shutting down...
Launching Polybar...
polybar|notice:  Parsing config file: /home/federico/.config/polybar/config.ini
polybar|notice:  Loading module 'battery' of type 'custom/script'
polybar|notice:  Loading module 'volume' of type 'custom/script'
polybar|notice:  Loaded 2 modules
polybar|notice:  Loaded font "Cascadia Code:size=18" (name=Cascadia Code, offset=0, file=/usr/share/fonts/cascadia-code-fonts/CascadiaCode-Regular.otf)
polybar|warn:  Dropping unmatched character '🔋' (U+1f50b) in '🔋 Battery: 81%'
polybar|warn:  Dropping unmatched character '🔋' (U+1f50b) in '🔋 Battery: 81%'
polybar|warn:  Dropping unmatched character '🔊' (U+1f50a) in ' | 🔊 50%'
polybar|warn:  Dropping unmatched character '🔋' (U+1f50b) in '🔋 Battery: 81%'
polybar|warn:  Dropping unmatched character '🔋' (U+1f50b) in '🔋 Battery: 81%'
polybar|warn:  Dropping unmatched character '🔋' (U+1f50b) in '🔋 Battery: 81%'
polybar|warn:  Dropping unmatched character '🔋' (U+1f50b) in '🔋 Battery: 81%'
polybar|warn:  Dropping unmatched character '🔋' (U+1f50b) in '🔋 Battery: 81%'
polybar|error: X connection error, terminating... (what: Socket, pipe or stream error)
polybar|notice:  Termination signal received, shutting down...
Launching Polybar...
polybar|notice:  Parsing config file: /home/federico/.config/polybar/config.ini
polybar|notice:  Loading module 'battery' of type 'custom/script'
polybar|notice:  Loading module 'volume' of type 'custom/script'
polybar|notice:  Loaded 2 modules
polybar|notice:  Loaded font "Cascadia Code:size=18" (name=Cascadia Code, offset=0, file=/usr/share/fonts/cascadia-code-fonts/CascadiaCode-Regular.otf)
polybar|warn:  Dropping unmatched character '🔋' (U+1f50b) in '🔋 Battery: 80%'
polybar|warn:  Dropping unmatched character '🔋' (U+1f50b) in '🔋 Battery: 80%'
polybar|notice:  Received signal(15): Terminated
polybar|notice:  Termination signal received, shutting down...
Launching Polybar...
polybar|notice:  Parsing config file: /home/federico/.config/polybar/config.ini
polybar|notice:  Loading module 'battery' of type 'custom/script'
polybar|notice:  Loading module 'volume' of type 'custom/script'
polybar|notice:  Loaded 2 modules
polybar|notice:  Loaded font "Cascadia Code:size=18" (name=Cascadia Code, offset=0, file=/usr/share/fonts/cascadia-code-fonts/CascadiaCode-Regular.otf)
polybar|warn:  Dropping unmatched character '🔋' (U+1f50b) in '🔋 Battery: 79%'
polybar|warn:  Dropping unmatched character '🔋' (U+1f50b) in '🔋 Battery: 79%'
polybar|error: libuv error while polling X connection: bad file descriptor
polybar|notice:  Termination signal received, shutting down...
Launching Polybar...
polybar|notice:  Parsing config file: /home/federico/.config/polybar/config.ini
polybar|notice:  Loading module 'battery' of type 'custom/script'
polybar|notice:  Loading module 'volume' of type 'custom/script'
polybar|notice:  Loaded 2 modules
polybar|notice:  Loaded font "Cascadia Code:size=18" (name=Cascadia Code, offset=0, file=/usr/share/fonts/cascadia-code-fonts/CascadiaCode-Regular.otf)
polybar|warn:  Dropping unmatched character '🔋' (U+1f50b) in '🔋 Battery: 79%'
polybar|warn:  Dropping unmatched character '🔋' (U+1f50b) in '🔋 Battery: 79%'
polybar|warn:  Dropping unmatched character '🔋' (U+1f50b) in '🔋 Battery: 79%'
polybar|warn:  Dropping unmatched character '🔋' (U+1f50b) in '🔋 Battery: 79%'
polybar|warn:  Dropping unmatched character '🔋' (U+1f50b) in '🔋 Battery: 79%'
polybar|warn:  Dropping unmatched character '🔋' (U+1f50b) in '🔋 Battery: 79%'
polybar|warn:  Dropping unmatched character '🔋' (U+1f50b) in '🔋 Battery: 79%'
polybar|warn:  Dropping unmatched character '🔋' (U+1f50b) in '🔋 Battery: 79%'
polybar|warn:  Dropping unmatched character '🔋' (U+1f50b) in '🔋 Battery: 78%'
polybar|warn:  Dropping unmatched character '🔋' (U+1f50b) in '🔋 Battery: 78%'
polybar|warn:  Dropping unmatched character '🔋' (U+1f50b) in '🔋 Battery: 78%'
polybar|error: X connection error, terminating... (what: Socket, pipe or stream error)
polybar|notice:  Termination signal received, shutting down...
Launching Polybar...
polybar|notice:  Parsing config file: /home/federico/.config/polybar/config.ini
polybar|notice:  Listening for IPC messages (PID: 4045)
polybar|notice:  Loading module 'battery' of type 'custom/script'
polybar|notice:  Loading module 'volume' of type 'custom/script'
polybar|notice:  Loaded 2 modules
polybar|notice:  Loaded font "Cascadia Code:size=18" (name=Cascadia Code, offset=0, file=/usr/share/fonts/cascadia-code-fonts/CascadiaCode-Regular.otf)
polybar|warn:  Dropping unmatched character '🔋' (U+1f50b) in '🔋 Battery: 78%'
polybar|warn:  Dropping unmatched character '🔋' (U+1f50b) in '🔋 Battery: 78%'
polybar|warn:  Dropping unmatched character '🔋' (U+1f50b) in '🔋 Battery: 78%'
polybar|warn:  Dropping unmatched character '🔋' (U+1f50b) in '🔋 Battery: 78%'
polybar|error: The 'volume' module does not support the 'hook' action.
polybar|error: The 'volume' module does not support the 'hook' action.
polybar|warn:  Dropping unmatched character '🔋' (U+1f50b) in '🔋 Battery: 78%'
polybar|error: The 'volume' module does not support the 'hook' action.
polybar|warn:  Dropping unmatched character '🔋' (U+1f50b) in '🔋 Battery: 78%'
polybar|error: The 'volume' module does not support the 'hook' action.
polybar|warn:  Dropping unmatched character '🔋' (U+1f50b) in '🔋 Battery: 78%'
polybar|warn:  Dropping unmatched character '🔋' (U+1f50b) in '🔋 Battery: 78%'
polybar|error: The 'volume' module does not support the 'hook' action.
polybar|warn:  Dropping unmatched character '🔋' (U+1f50b) in '🔋 Battery: 78%'
polybar|error: The 'volume' module does not support the 'hook' action.
polybar|warn:  Dropping unmatched character '🔋' (U+1f50b) in '🔋 Battery: 78%'
polybar|error: The 'volume' module does not support the 'hook' action.
polybar|error: The 'volume' module does not support the 'hook' action.
polybar|warn:  Dropping unmatched character '🔋' (U+1f50b) in '🔋 Battery: 78%'
polybar|warn:  Dropping unmatched character '🔋' (U+1f50b) in '🔋 Battery: 77%'
polybar|error: The 'volume' module does not support the 'hook' action.
polybar|warn:  Dropping unmatched character '🔋' (U+1f50b) in '🔋 Battery: 77%'
polybar|error: The 'volume' module does not support the 'hook' action.
polybar|warn:  Dropping unmatched character '🔋' (U+1f50b) in '🔋 Battery: 77%'
polybar|error: The 'volume' module does not support the 'hook' action.
polybar|warn:  Dropping unmatched character '🔋' (U+1f50b) in '🔋 Battery: 77%'
polybar|error: The 'volume' module does not support the 'hook' action.
polybar|warn:  Dropping unmatched character '🔋' (U+1f50b) in '🔋 Battery: 77%'
polybar|error: The 'volume' module does not support the 'hook' action.
polybar|warn:  Dropping unmatched character '🔋' (U+1f50b) in '🔋 Battery: 77%'
polybar|error: The 'volume' module does not support the 'hook' action.
polybar|warn:  Dropping unmatched character '🔋' (U+1f50b) in '🔋 Battery: 77%'
polybar|error: The 'volume' module does not support the 'hook' action.
polybar|error: The 'volume' module does not support the 'hook' action.
polybar|error: The 'volume' module does not support the 'hook' action.
polybar|error: The 'volume' module does not support the 'hook' action.
polybar|error: The 'volume' module does not support the 'hook' action.
polybar|error: The 'volume' module does not support the 'hook' action.
polybar|error: The 'volume' module does not support the 'hook' action.
polybar|error: The 'volume' module does not support the 'hook' action.
polybar|error: The 'volume' module does not support the 'hook' action.
polybar|error: The 'volume' module does not support the 'hook' action.
polybar|warn:  Dropping unmatched character '🔋' (U+1f50b) in '🔋 Battery: 77%'
polybar|error: The 'volume' module does not support the 'hook' action.
polybar|warn:  Dropping unmatched character '🔋' (U+1f50b) in '🔋 Battery: 77%'
polybar|notice:  Termination signal received, shutting down...
polybar|notice:  Parsing config file: /home/federico/.config/polybar/config.ini
polybar|notice:  Listening for IPC messages (PID: 4045)
polybar|notice:  Loading module 'battery' of type 'custom/script'
polybar|notice:  Loading module 'volume' of type 'custom/script'
polybar|notice:  Loaded 2 modules
polybar|notice:  Loaded font "Cascadia Code:size=18" (name=Cascadia Code, offset=0, file=/usr/share/fonts/cascadia-code-fonts/CascadiaCode-Regular.otf)
polybar|warn:  Dropping unmatched character '🔋' (U+1f50b) in '🔋 Battery: 76%'
polybar|warn:  Dropping unmatched character '🔋' (U+1f50b) in '🔋 Battery: 76%'
polybar|warn:  Dropping unmatched character '🔋' (U+1f50b) in '🔋 Battery: 76%'
polybar|error: The 'volume' module does not support the 'hook' action.
polybar|warn:  Dropping unmatched character '🔋' (U+1f50b) in '🔋 Battery: 76%'
polybar|error: The 'volume' module does not support the 'hook' action.
polybar|warn:  Dropping unmatched character '🔋' (U+1f50b) in '🔋 Battery: 76%'
polybar|error: The 'volume' module does not support the 'hook' action.
polybar|error: The 'volume' module does not support the 'hook' action.
polybar|error: The 'volume' module does not support the 'hook' action.
polybar|error: The 'volume' module does not support the 'hook' action.
polybar|warn:  Dropping unmatched character '🔋' (U+1f50b) in '🔋 Battery: 76%'
polybar|error: The 'volume' module does not support the 'hook' action.
polybar|error: The 'volume' module does not support the 'hook' action.
polybar|error: The 'volume' module does not support the 'hook' action.
polybar|warn:  Dropping unmatched character '🔋' (U+1f50b) in '🔋 Battery: 76%'
polybar|error: The 'volume' module does not support the 'hook' action.
polybar|error: The 'volume' module does not support the 'hook' action.
polybar|error: The 'volume' module does not support the 'hook' action.
polybar|warn:  Dropping unmatched character '🔋' (U+1f50b) in '🔋 Battery: 76%'
polybar|error: The 'volume' module does not support the 'hook' action.
polybar|error: The 'volume' module does not support the 'hook' action.
polybar|error: The 'volume' module does not support the 'hook' action.
polybar|error: The 'volume' module does not support the 'hook' action.
polybar|warn:  Dropping unmatched character '🔋' (U+1f50b) in '🔋 Battery: 76%'
polybar|error: The 'volume' module does not support the 'hook' action.
polybar|warn:  Dropping unmatched character '🔋' (U+1f50b) in '🔋 Battery: 76%'
polybar|warn:  Dropping unmatched character '🔋' (U+1f50b) in '🔋 Battery: 76%'
polybar|warn:  Dropping unmatched character '🔋' (U+1f50b) in '🔋 Battery: 76%'
polybar|warn:  Dropping unmatched character '🔋' (U+1f50b) in '🔋 Battery: 76%'
polybar|warn:  Dropping unmatched character '🔋' (U+1f50b) in '🔋 Battery: 76%'
polybar|warn:  Dropping unmatched character '🔋' (U+1f50b) in '🔋 Battery: 76%'
polybar|error: The 'volume' module does not support the 'hook' action.
polybar|error: The 'volume' module does not support the 'hook' action.
polybar|warn:  Dropping unmatched character '🔋' (U+1f50b) in '🔋 Battery: 76%'
polybar|error: The 'volume' module does not support the 'hook' action.
polybar|error: The 'volume' module does not support the 'hook' action.
polybar|notice:  Termination signal received, shutting down...
polybar|notice:  Parsing config file: /home/federico/.config/polybar/config.ini
polybar|error: Uncaught exception, shutting down: /home/federico/.config/polybar/config.ini:26: Key name 'hook.0' is empty or contains forbidden characters.
Launching Polybar...
polybar|notice:  Parsing config file: /home/federico/.config/polybar/config.ini
polybar|notice:  Listening for IPC messages (PID: 8462)
polybar|notice:  Loading module 'battery' of type 'custom/script'
polybar|notice:  Loading module 'volume' of type 'custom/script'
polybar|notice:  Loaded 2 modules
polybar|notice:  Loaded font "Cascadia Code:size=18" (name=Cascadia Code, offset=0, file=/usr/share/fonts/cascadia-code-fonts/CascadiaCode-Regular.otf)
polybar|warn:  Dropping unmatched character '🔋' (U+1f50b) in '🔋 Battery: 75%'
polybar|warn:  Dropping unmatched character '🔋' (U+1f50b) in '🔋 Battery: 75%'
polybar|error: The 'volume' module does not support the 'hook' action.
polybar|warn:  Dropping unmatched character '🔋' (U+1f50b) in '🔋 Battery: 75%'
polybar|error: The 'volume' module does not support the 'hook' action.
polybar|warn:  Dropping unmatched character '🔋' (U+1f50b) in '🔋 Battery: 75%'
polybar|warn:  Dropping unmatched character '🔋' (U+1f50b) in '🔋 Battery: 75%'
polybar|warn:  Dropping unmatched character '🔋' (U+1f50b) in '🔋 Battery: 75%'
polybar|warn:  Dropping unmatched character '🔋' (U+1f50b) in '🔋 Battery: 75%'
polybar|warn:  Dropping unmatched character '🔋' (U+1f50b) in '🔋 Battery: 75%'
polybar|warn:  Dropping unmatched character '🔋' (U+1f50b) in '🔋 Battery: 75%'
polybar|warn:  Dropping unmatched character '🔋' (U+1f50b) in '🔋 Battery: 75%'
polybar|warn:  Dropping unmatched character '🔋' (U+1f50b) in '🔋 Battery: 75%'
polybar|notice:  Received signal(15): Terminated
polybar|notice:  Termination signal received, shutting down...
Launching Polybar...
polybar|notice:  Parsing config file: /home/federico/.config/polybar/config.ini
polybar|notice:  Listening for IPC messages (PID: 1139)
polybar|notice:  Loading module 'battery' of type 'custom/script'
polybar|notice:  Loading module 'volume' of type 'custom/script'
polybar|notice:  Loaded 2 modules
polybar|notice:  Loaded font "Cascadia Code:size=18" (name=Cascadia Code, offset=0, file=/usr/share/fonts/cascadia-code-fonts/CascadiaCode-Regular.otf)
polybar|warn:  Dropping unmatched character '🔋' (U+1f50b) in '🔋 Battery: 75%'
polybar|warn:  Dropping unmatched character '🔋' (U+1f50b) in '🔋 Battery: 75%'
polybar|error: The 'volume' module does not support the 'hook' action.
polybar|error: The 'volume' module does not support the 'hook' action.
polybar|warn:  Dropping unmatched character '🔋' (U+1f50b) in '🔋 Battery: 75%'
polybar|error: The 'volume' module does not support the 'hook' action.
polybar|warn:  Dropping unmatched character '🔋' (U+1f50b) in '🔋 Battery: 75%'
polybar|error: The 'volume' module does not support the 'hook' action.
polybar|warn:  Dropping unmatched character '🔋' (U+1f50b) in '🔋 Battery: 75%'
polybar|error: The 'volume' module does not support the 'hook' action.
polybar|warn:  Dropping unmatched character '🔋' (U+1f50b) in '🔋 Battery: 75%'
polybar|warn:  Dropping unmatched character '🔋' (U+1f50b) in '🔋 Battery: 75%'
polybar|warn:  Dropping unmatched character '🔋' (U+1f50b) in '🔋 Battery: 75%'
polybar|warn:  Dropping unmatched character '🔋' (U+1f50b) in '🔋 Battery: 74%'
polybar|warn:  Dropping unmatched character '🔋' (U+1f50b) in '🔋 Battery: 74%'
polybar|warn:  Dropping unmatched character '🔋' (U+1f50b) in '🔋 Battery: 74%'
polybar|warn:  Dropping unmatched character '🔋' (U+1f50b) in '🔋 Battery: 74%'
polybar|warn:  Dropping unmatched character '🔋' (U+1f50b) in '🔋 Battery: 74%'
polybar|warn:  Dropping unmatched character '🔋' (U+1f50b) in '🔋 Battery: 74%'
polybar|warn:  Dropping unmatched character '🔋' (U+1f50b) in '🔋 Battery: 74%'
polybar|warn:  Dropping unmatched character '🔋' (U+1f50b) in '🔋 Battery: 73%'
polybar|warn:  Dropping unmatched character '🔋' (U+1f50b) in '🔋 Battery: 73%'
polybar|warn:  Dropping unmatched character '🔋' (U+1f50b) in '🔋 Battery: 73%'
polybar|warn:  Dropping unmatched character '🔋' (U+1f50b) in '🔋 Battery: 72%'
polybar|warn:  Dropping unmatched character '🔋' (U+1f50b) in '🔋 Battery: 71%'
polybar|warn:  Dropping unmatched character '🔋' (U+1f50b) in '🔋 Battery: 71%'
polybar|warn:  Dropping unmatched character '🔋' (U+1f50b) in '🔋 Battery: 71%'
polybar|warn:  Dropping unmatched character '🔋' (U+1f50b) in '🔋 Battery: 71%'
polybar|warn:  Dropping unmatched character '🔋' (U+1f50b) in '🔋 Battery: 70%'
polybar|notice:  Received signal(15): Terminated
polybar|notice:  Termination signal received, shutting down...
Launching Polybar...
polybar|notice:  Parsing config file: /home/federico/.config/polybar/config.ini
polybar|notice:  Listening for IPC messages (PID: 1140)
polybar|notice:  Loading module 'battery' of type 'custom/script'
polybar|notice:  Loading module 'volume' of type 'custom/script'
polybar|notice:  Loaded 2 modules
polybar|notice:  Loaded font "Cascadia Code:size=18" (name=Cascadia Code, offset=0, file=/usr/share/fonts/cascadia-code-fonts/CascadiaCode-Regular.otf)
polybar|warn:  Dropping unmatched character '🔋' (U+1f50b) in '🔋 Battery: 73%'
polybar|warn:  Dropping unmatched character '🔋' (U+1f50b) in '🔋 Battery: 73%'
polybar|warn:  Dropping unmatched character '🔋' (U+1f50b) in '🔋 Battery: 72%'
polybar|warn:  Dropping unmatched character '🔋' (U+1f50b) in '🔋 Battery: 72%'
polybar|warn:  Dropping unmatched character '🔋' (U+1f50b) in '🔋 Battery: 71%'
polybar|warn:  Dropping unmatched character '🔋' (U+1f50b) in '🔋 Battery: 71%'
polybar|warn:  Dropping unmatched character '🔋' (U+1f50b) in '🔋 Battery: 71%'
polybar|notice:  Termination signal received, shutting down...
polybar|notice:  Parsing config file: /home/federico/.config/polybar/config.ini
polybar|notice:  Listening for IPC messages (PID: 1140)
polybar|notice:  Loading module 'battery' of type 'custom/script'
polybar|notice:  Loading module 'pulseaudio' of type 'internal/pulseaudio'
polybar|notice:  pulseaudio: using default sink audio_effect.j313-convolver
polybar|notice:  Loaded 2 modules
polybar|notice:  Loaded font "Cascadia Code:size=18" (name=Cascadia Code, offset=0, file=/usr/share/fonts/cascadia-code-fonts/CascadiaCode-Regular.otf)
polybar|warn:  Dropping unmatched character '🔋' (U+1f50b) in '🔋 Battery: 71%'
polybar|warn:  Dropping unmatched character '🔋' (U+1f50b) in '🔋 Battery: 71%'
polybar|warn:  Dropping unmatched character '🔋' (U+1f50b) in '🔋 Battery: 71%'
polybar|warn:  Dropping unmatched character '🔋' (U+1f50b) in '🔋 Battery: 71%'
polybar|warn:  Dropping unmatched character '🔋' (U+1f50b) in '🔋 Battery: 71%'
polybar|warn:  Dropping unmatched character '🔋' (U+1f50b) in '🔋 Battery: 71%'
polybar|warn:  Dropping unmatched character '🔋' (U+1f50b) in '🔋 Battery: 71%'
polybar|error: Could not forward action to module: No module named 'volume' (action: 'hook', data: '-1')
polybar|error: Could not forward action to module: No module named 'volume' (action: 'hook', data: '-1')
polybar|warn:  Dropping unmatched character '🔋' (U+1f50b) in '🔋 Battery: 71%'
polybar|warn:  Dropping unmatched character '🔋' (U+1f50b) in '🔋 Battery: 71%'
polybar|warn:  Dropping unmatched character '🔋' (U+1f50b) in '🔋 Battery: 71%'
polybar|warn:  Dropping unmatched character '🔋' (U+1f50b) in '🔋 Battery: 71%'
polybar|warn:  Dropping unmatched character '🔋' (U+1f50b) in '🔋 Battery: 71%'
polybar|warn:  Dropping unmatched character '🔋' (U+1f50b) in '🔋 Battery: 71%'
polybar|warn:  Dropping unmatched character '🔋' (U+1f50b) in '🔋 Battery: 71%'
polybar|warn:  Dropping unmatched character '🔋' (U+1f50b) in '🔋 Battery: 71%'
polybar|warn:  Dropping unmatched character '🔋' (U+1f50b) in '🔋 Battery: 71%'
polybar|warn:  Dropping unmatched character '🔋' (U+1f50b) in '🔋 Battery: 71%'
polybar|warn:  Dropping unmatched character '🔋' (U+1f50b) in '🔋 Battery: 71%'
polybar|warn:  Dropping unmatched character '🔋' (U+1f50b) in '🔋 Battery: 71%'
polybar|warn:  Dropping unmatched character '🔋' (U+1f50b) in '🔋 Battery: 71%'
polybar|warn:  Dropping unmatched character '🔋' (U+1f50b) in '🔋 Battery: 71%'
polybar|warn:  Dropping unmatched character '🔋' (U+1f50b) in '🔋 Battery: 71%'
polybar|warn:  Dropping unmatched character '🔋' (U+1f50b) in '🔋 Battery: 71%'
polybar|notice:  Termination signal received, shutting down...
polybar|notice:  Parsing config file: /home/federico/.config/polybar/config.ini
polybar|notice:  Listening for IPC messages (PID: 1140)
polybar|notice:  Loading module 'battery' of type 'custom/script'
polybar|notice:  Loading module 'pulseaudio' of type 'internal/pulseaudio'
polybar|notice:  pulseaudio: using default sink audio_effect.j313-convolver
polybar|notice:  Loaded 2 modules
polybar|notice:  Loaded font "Cascadia Code:size=18" (name=Cascadia Code, offset=0, file=/usr/share/fonts/cascadia-code-fonts/CascadiaCode-Regular.otf)
polybar|warn:  Dropping unmatched character '🔋' (U+1f50b) in '🔋 Battery: 71%'
polybar|error: Could not forward action to module: No module named 'volume' (action: 'hook', data: '-1')
polybar|warn:  Dropping unmatched character '🔋' (U+1f50b) in '🔋 Battery: 71%'
polybar|error: Could not forward action to module: No module named 'volume' (action: 'hook', data: '-1')
polybar|warn:  Dropping unmatched character '🔋' (U+1f50b) in '🔋 Battery: 71%'
polybar|warn:  Dropping unmatched character '🔋' (U+1f50b) in '🔋 Battery: 71%'
polybar|warn:  Dropping unmatched character '🔋' (U+1f50b) in '🔋 Battery: 71%'
polybar|warn:  Dropping unmatched character '🔋' (U+1f50b) in '🔋 Battery: 71%'
polybar|warn:  Dropping unmatched character '🔋' (U+1f50b) in '🔋 Battery: 71%'
polybar|warn:  Dropping unmatched character '🔋' (U+1f50b) in '🔋 Battery: 71%'
polybar|warn:  Dropping unmatched character '🔋' (U+1f50b) in '🔋 Battery: 71%'
polybar|warn:  Dropping unmatched character '🔋' (U+1f50b) in '🔋 Battery: 71%'
polybar|warn:  Dropping unmatched character '🔋' (U+1f50b) in '🔋 Battery: 71%'
polybar|warn:  Dropping unmatched character '🔋' (U+1f50b) in '🔋 Battery: 71%'
polybar|warn:  Dropping unmatched character '🔋' (U+1f50b) in '🔋 Battery: 71%'
polybar|warn:  Dropping unmatched character '🔋' (U+1f50b) in '🔋 Battery: 71%'
polybar|warn:  Dropping unmatched character '🔋' (U+1f50b) in '🔋 Battery: 71%'
polybar|warn:  Dropping unmatched character '🔋' (U+1f50b) in '🔋 Battery: 71%'
polybar|warn:  Dropping unmatched character '🔋' (U+1f50b) in '🔋 Battery: 71%'
polybar|warn:  Dropping unmatched character '🔋' (U+1f50b) in '🔋 Battery: 71%'
polybar|warn:  Dropping unmatched character '🔋' (U+1f50b) in '🔋 Battery: 71%'
polybar|warn:  Dropping unmatched character '🔋' (U+1f50b) in '🔋 Battery: 71%'
polybar|warn:  Dropping unmatched character '🔋' (U+1f50b) in '🔋 Battery: 71%'
polybar|warn:  Dropping unmatched character '🔋' (U+1f50b) in '🔋 Battery: 71%'
polybar|warn:  Dropping unmatched character '🔋' (U+1f50b) in '🔋 Battery: 71%'
polybar|warn:  Dropping unmatched character '🔋' (U+1f50b) in '🔋 Battery: 71%'
polybar|warn:  Dropping unmatched character '🔋' (U+1f50b) in '🔋 Battery: 71%'
polybar|warn:  Dropping unmatched character '🔋' (U+1f50b) in '🔋 Battery: 71%'
polybar|warn:  Dropping unmatched character '🔋' (U+1f50b) in '🔋 Battery: 71%'
polybar|warn:  Dropping unmatched character '🔋' (U+1f50b) in '🔋 Battery: 71%'
polybar|warn:  Dropping unmatched character '🔋' (U+1f50b) in '🔋 Battery: 71%'
polybar|notice:  Termination signal received, shutting down...
polybar|notice:  Parsing config file: /home/federico/.config/polybar/config.ini
polybar|notice:  Listening for IPC messages (PID: 1140)
polybar|notice:  Loading module 'battery' of type 'custom/script'
polybar|notice:  Loading module 'pulseaudio' of type 'internal/pulseaudio'
polybar|notice:  pulseaudio: using default sink audio_effect.j313-convolver
polybar|notice:  Loaded 2 modules
polybar|notice:  Loaded font "Cascadia Code:size=18" (name=Cascadia Code, offset=0, file=/usr/share/fonts/cascadia-code-fonts/CascadiaCode-Regular.otf)
polybar|warn:  Dropping unmatched character '🔋' (U+1f50b) in '🔋 Battery: 70%'
polybar|notice:  Termination signal received, shutting down...
polybar|notice:  Parsing config file: /home/federico/.config/polybar/config.ini
polybar|notice:  Listening for IPC messages (PID: 1140)
polybar|notice:  Loading module 'battery' of type 'custom/script'
polybar|notice:  Loading module 'pulseaudio' of type 'internal/pulseaudio'
polybar|notice:  pulseaudio: using default sink audio_effect.j313-convolver
polybar|notice:  Loaded 2 modules
polybar|notice:  Loaded font "Cascadia Code:size=18" (name=Cascadia Code, offset=0, file=/usr/share/fonts/cascadia-code-fonts/CascadiaCode-Regular.otf)
polybar|warn:  Dropping unmatched character '🔋' (U+1f50b) in '🔋 Battery: 70%'
polybar|notice:  Termination signal received, shutting down...
polybar|notice:  Parsing config file: /home/federico/.config/polybar/config.ini
polybar|notice:  Listening for IPC messages (PID: 1140)
polybar|notice:  Loading module 'battery' of type 'custom/script'
polybar|notice:  Loading module 'pulseaudio' of type 'internal/pulseaudio'
polybar|notice:  pulseaudio: using default sink audio_effect.j313-convolver
polybar|notice:  Loaded 2 modules
polybar|notice:  Loaded font "Cascadia Code:size=18" (name=Cascadia Code, offset=0, file=/usr/share/fonts/cascadia-code-fonts/CascadiaCode-Regular.otf)
polybar|warn:  Dropping unmatched character '🔋' (U+1f50b) in '🔋 Battery: 70%'
polybar|warn:  Dropping unmatched character '🔋' (U+1f50b) in '🔋 Battery: 70%'
polybar|warn:  Dropping unmatched character '🔋' (U+1f50b) in '🔋 Battery: 70%'
polybar|warn:  Dropping unmatched character '🔋' (U+1f50b) in '🔋 Battery: 70%'
polybar|warn:  Dropping unmatched character '🔋' (U+1f50b) in '🔋 Battery: 70%'
polybar|warn:  Dropping unmatched character '🔋' (U+1f50b) in '🔋 Battery: 70%'
polybar|warn:  Dropping unmatched character '🔋' (U+1f50b) in '🔋 Battery: 70%'
polybar|warn:  Dropping unmatched character '🔋' (U+1f50b) in '🔋 Battery: 70%'
polybar|warn:  Dropping unmatched character '🔋' (U+1f50b) in '🔋 Battery: 70%'
polybar|warn:  Dropping unmatched character '🔋' (U+1f50b) in '🔋 Battery: 70%'
polybar|warn:  Dropping unmatched character '🔋' (U+1f50b) in '🔋 Battery: 70%'
polybar|warn:  Dropping unmatched character '🔋' (U+1f50b) in '🔋 Battery: 70%'
polybar|warn:  Dropping unmatched character '🔋' (U+1f50b) in '🔋 Battery: 70%'
polybar|warn:  Dropping unmatched character '🔋' (U+1f50b) in '🔋 Battery: 70%'
polybar|warn:  Dropping unmatched character '🔋' (U+1f50b) in '🔋 Battery: 70%'
polybar|warn:  Dropping unmatched character '🔋' (U+1f50b) in '🔋 Battery: 70%'
polybar|warn:  Dropping unmatched character '🔋' (U+1f50b) in '🔋 Battery: 70%'
polybar|warn:  Dropping unmatched character '🔋' (U+1f50b) in '🔋 Battery: 70%'
polybar|warn:  Dropping unmatched character '🔋' (U+1f50b) in '🔋 Battery: 70%'
polybar|warn:  Dropping unmatched character '🔋' (U+1f50b) in '🔋 Battery: 70%'
polybar|warn:  Dropping unmatched character '🔋' (U+1f50b) in '🔋 Battery: 70%'
polybar|warn:  Dropping unmatched character '🔋' (U+1f50b) in '🔋 Battery: 70%'
polybar|warn:  Dropping unmatched character '🔋' (U+1f50b) in '🔋 Battery: 70%'
polybar|warn:  Dropping unmatched character '🔋' (U+1f50b) in '🔋 Battery: 70%'
polybar|warn:  Dropping unmatched character '🔋' (U+1f50b) in '🔋 Battery: 70%'
polybar|warn:  Dropping unmatched character '🔋' (U+1f50b) in '🔋 Battery: 70%'
polybar|warn:  Dropping unmatched character '🔋' (U+1f50b) in '🔋 Battery: 70%'
polybar|warn:  Dropping unmatched character '🔋' (U+1f50b) in '🔋 Battery: 70%'
polybar|warn:  Dropping unmatched character '🔋' (U+1f50b) in '🔋 Battery: 70%'
polybar|warn:  Dropping unmatched character '🔋' (U+1f50b) in '🔋 Battery: 70%'
polybar|warn:  Dropping unmatched character '🔋' (U+1f50b) in '🔋 Battery: 70%'
polybar|warn:  Dropping unmatched character '🔋' (U+1f50b) in '🔋 Battery: 70%'
polybar|warn:  Dropping unmatched character '🔋' (U+1f50b) in '🔋 Battery: 70%'
polybar|warn:  Dropping unmatched character '🔋' (U+1f50b) in '🔋 Battery: 70%'
polybar|warn:  Dropping unmatched character '🔋' (U+1f50b) in '🔋 Battery: 70%'
polybar|warn:  Dropping unmatched character '🔋' (U+1f50b) in '🔋 Battery: 70%'
polybar|warn:  Dropping unmatched character '🔋' (U+1f50b) in '🔋 Battery: 70%'
polybar|warn:  Dropping unmatched character '🔋' (U+1f50b) in '🔋 Battery: 70%'
polybar|warn:  Dropping unmatched character '🔋' (U+1f50b) in '🔋 Battery: 70%'
polybar|warn:  Dropping unmatched character '🔋' (U+1f50b) in '🔋 Battery: 70%'
polybar|warn:  Dropping unmatched character '🔋' (U+1f50b) in '🔋 Battery: 70%'
polybar|warn:  Dropping unmatched character '🔋' (U+1f50b) in '🔋 Battery: 69%'
polybar|notice:  Termination signal received, shutting down...
polybar|notice:  Parsing config file: /home/federico/.config/polybar/config.ini
polybar|notice:  Listening for IPC messages (PID: 1140)
polybar|notice:  Loading module 'memory' of type 'internal/memory'
polybar|notice:  Loading module 'battery' of type 'custom/script'
polybar|notice:  Loading module 'pulseaudio' of type 'internal/pulseaudio'
polybar|notice:  pulseaudio: using default sink audio_effect.j313-convolver
polybar|notice:  Loaded 3 modules
polybar|notice:  Loaded font "Cascadia Code:size=18" (name=Cascadia Code, offset=0, file=/usr/share/fonts/cascadia-code-fonts/CascadiaCode-Regular.otf)
polybar|warn:  Dropping unmatched character '🔋' (U+1f50b) in '🔋 Battery: 69%'
polybar|warn:  Dropping unmatched character '🔋' (U+1f50b) in '🔋 Battery: 69%'
polybar|notice:  Termination signal received, shutting down...
polybar|notice:  Parsing config file: /home/federico/.config/polybar/config.ini
polybar|notice:  Listening for IPC messages (PID: 1140)
polybar|notice:  Loading module 'memory' of type 'internal/memory'
polybar|notice:  Loading module 'battery' of type 'custom/script'
polybar|notice:  Loading module 'pulseaudio' of type 'internal/pulseaudio'
polybar|notice:  pulseaudio: using default sink audio_effect.j313-convolver
polybar|notice:  Loaded 3 modules
polybar|notice:  Loaded font "Cascadia Code:size=18" (name=Cascadia Code, offset=0, file=/usr/share/fonts/cascadia-code-fonts/CascadiaCode-Regular.otf)
polybar|warn:  Dropping unmatched character '🔋' (U+1f50b) in '🔋 Battery: 69%'
polybar|warn:  Dropping unmatched character '🔋' (U+1f50b) in '🔋 Battery: 69%'
polybar|warn:  Dropping unmatched character '🔋' (U+1f50b) in '🔋 Battery: 69%'
polybar|warn:  Dropping unmatched character '🔋' (U+1f50b) in '🔋 Battery: 69%'
polybar|warn:  Dropping unmatched character '🔋' (U+1f50b) in '🔋 Battery: 69%'
polybar|warn:  Dropping unmatched character '🔋' (U+1f50b) in '🔋 Battery: 69%'
polybar|notice:  Termination signal received, shutting down...
polybar|notice:  Parsing config file: /home/federico/.config/polybar/config.ini
polybar|notice:  Listening for IPC messages (PID: 1140)
polybar|notice:  Loading module 'memory' of type 'internal/memory'
polybar|notice:  Loading module 'battery' of type 'custom/script'
polybar|notice:  Loading module 'pulseaudio' of type 'internal/pulseaudio'
polybar|notice:  pulseaudio: using default sink audio_effect.j313-convolver
polybar|notice:  Loaded 3 modules
polybar|notice:  Loaded font "Cascadia Code:size=18" (name=Cascadia Code, offset=0, file=/usr/share/fonts/cascadia-code-fonts/CascadiaCode-Regular.otf)
polybar|warn:  Dropping unmatched character '🔋' (U+1f50b) in '🔋 Battery: 69%'
polybar|warn:  Dropping unmatched character '🔋' (U+1f50b) in '🔋 Battery: 69%'
polybar|warn:  Dropping unmatched character '🔋' (U+1f50b) in '🔋 Battery: 69%'
polybar|warn:  Dropping unmatched character '🔋' (U+1f50b) in '🔋 Battery: 69%'
polybar|warn:  Dropping unmatched character '🔋' (U+1f50b) in '🔋 Battery: 69%'
polybar|warn:  Dropping unmatched character '🔋' (U+1f50b) in '🔋 Battery: 69%'
polybar|warn:  Dropping unmatched character '🔋' (U+1f50b) in '🔋 Battery: 69%'
polybar|warn:  Dropping unmatched character '🔋' (U+1f50b) in '🔋 Battery: 69%'
polybar|warn:  Dropping unmatched character '🔋' (U+1f50b) in '🔋 Battery: 69%'
polybar|warn:  Dropping unmatched character '🔋' (U+1f50b) in '🔋 Battery: 69%'
polybar|warn:  Dropping unmatched character '🔋' (U+1f50b) in '🔋 Battery: 69%'
polybar|warn:  Dropping unmatched character '🔋' (U+1f50b) in '🔋 Battery: 69%'
polybar|warn:  Dropping unmatched character '🔋' (U+1f50b) in '🔋 Battery: 69%'
polybar|warn:  Dropping unmatched character '🔋' (U+1f50b) in '🔋 Battery: 69%'
polybar|warn:  Dropping unmatched character '🔋' (U+1f50b) in '🔋 Battery: 69%'
polybar|warn:  Dropping unmatched character '🔋' (U+1f50b) in '🔋 Battery: 69%'
polybar|warn:  Dropping unmatched character '🔋' (U+1f50b) in '🔋 Battery: 69%'
polybar|warn:  Dropping unmatched character '🔋' (U+1f50b) in '🔋 Battery: 69%'
polybar|warn:  Dropping unmatched character '🔋' (U+1f50b) in '🔋 Battery: 69%'
polybar|warn:  Dropping unmatched character '🔋' (U+1f50b) in '🔋 Battery: 69%'
polybar|warn:  Dropping unmatched character '🔋' (U+1f50b) in '🔋 Battery: 69%'
polybar|warn:  Dropping unmatched character '🔋' (U+1f50b) in '🔋 Battery: 69%'
polybar|warn:  Dropping unmatched character '🔋' (U+1f50b) in '🔋 Battery: 69%'
polybar|notice:  Termination signal received, shutting down...
polybar|notice:  Parsing config file: /home/federico/.config/polybar/config.ini
polybar|notice:  Listening for IPC messages (PID: 1140)
polybar|notice:  Loading module 'memory' of type 'internal/memory'
polybar|notice:  Loading module 'filesystem' of type 'internal/fs'
polybar|notice:  Loading module 'battery' of type 'custom/script'
polybar|notice:  Loading module 'pulseaudio' of type 'internal/pulseaudio'
polybar|notice:  pulseaudio: using default sink audio_effect.j313-convolver
polybar|notice:  Loaded 4 modules
polybar|notice:  Loaded font "Cascadia Code:size=18" (name=Cascadia Code, offset=0, file=/usr/share/fonts/cascadia-code-fonts/CascadiaCode-Regular.otf)
polybar|warn:  Dropping unmatched character '🔋' (U+1f50b) in '🔋 Battery: 69%'
polybar|warn:  Dropping unmatched character '🔋' (U+1f50b) in '🔋 Battery: 69%'
polybar|warn:  Dropping unmatched character '🔋' (U+1f50b) in '🔋 Battery: 69%'
polybar|warn:  Dropping unmatched character '🔋' (U+1f50b) in '🔋 Battery: 69%'
polybar|warn:  Dropping unmatched character '🔋' (U+1f50b) in '🔋 Battery: 69%'
polybar|warn:  Dropping unmatched character '🔋' (U+1f50b) in '🔋 Battery: 69%'
polybar|notice:  Termination signal received, shutting down...
polybar|notice:  Parsing config file: /home/federico/.config/polybar/config.ini
polybar|notice:  Listening for IPC messages (PID: 1140)
polybar|notice:  Loading module 'memory' of type 'internal/memory'
polybar|notice:  Loading module 'filesystem' of type 'internal/fs'
polybar|notice:  Loading module 'battery' of type 'custom/script'
polybar|notice:  Loading module 'pulseaudio' of type 'internal/pulseaudio'
polybar|notice:  pulseaudio: using default sink audio_effect.j313-convolver
polybar|notice:  Loaded 4 modules
polybar|notice:  Loaded font "Cascadia Code:size=18" (name=Cascadia Code, offset=0, file=/usr/share/fonts/cascadia-code-fonts/CascadiaCode-Regular.otf)
polybar|warn:  Dropping unmatched character '🔋' (U+1f50b) in '🔋 Battery: 69%'
polybar|warn:  Dropping unmatched character '🔋' (U+1f50b) in '🔋 Battery: 69%'
polybar|warn:  Dropping unmatched character '🔋' (U+1f50b) in '🔋 Battery: 69%'
polybar|notice:  Termination signal received, shutting down...
polybar|notice:  Parsing config file: /home/federico/.config/polybar/config.ini
polybar|notice:  Listening for IPC messages (PID: 1140)
polybar|notice:  Loading module 'memory' of type 'internal/memory'
polybar|notice:  Loading module 'filesystem' of type 'internal/fs'
polybar|notice:  Loading module 'battery' of type 'custom/script'
polybar|notice:  Loading module 'pulseaudio' of type 'internal/pulseaudio'
polybar|notice:  pulseaudio: using default sink audio_effect.j313-convolver
polybar|notice:  Loaded 4 modules
polybar|notice:  Loaded font "Cascadia Code:size=18" (name=Cascadia Code, offset=0, file=/usr/share/fonts/cascadia-code-fonts/CascadiaCode-Regular.otf)
polybar|warn:  Dropping unmatched character '🔋' (U+1f50b) in '🔋 Battery: 68%'
polybar|warn:  Dropping unmatched character '🔋' (U+1f50b) in '🔋 Battery: 68%'
polybar|warn:  Dropping unmatched character '🔋' (U+1f50b) in '🔋 Battery: 68%'
polybar|warn:  Dropping unmatched character '🔋' (U+1f50b) in '🔋 Battery: 68%'
polybar|warn:  Dropping unmatched character '🔋' (U+1f50b) in '🔋 Battery: 68%'
polybar|warn:  Dropping unmatched character '🔋' (U+1f50b) in '🔋 Battery: 68%'
polybar|warn:  Dropping unmatched character '🔋' (U+1f50b) in '🔋 Battery: 68%'
polybar|warn:  Dropping unmatched character '🔋' (U+1f50b) in '🔋 Battery: 68%'
polybar|warn:  Dropping unmatched character '🔋' (U+1f50b) in '🔋 Battery: 68%'
polybar|warn:  Dropping unmatched character '🔋' (U+1f50b) in '🔋 Battery: 68%'
polybar|warn:  Dropping unmatched character '🔋' (U+1f50b) in '🔋 Battery: 68%'
polybar|notice:  Termination signal received, shutting down...
polybar|notice:  Parsing config file: /home/federico/.config/polybar/config.ini
polybar|notice:  Listening for IPC messages (PID: 1140)
polybar|notice:  Loading module 'memory' of type 'internal/memory'
polybar|notice:  Loading module 'filesystem' of type 'internal/fs'
polybar|notice:  Loading module 'battery' of type 'custom/script'
polybar|notice:  Loading module 'pulseaudio' of type 'internal/pulseaudio'
polybar|notice:  pulseaudio: using default sink audio_effect.j313-convolver
polybar|notice:  Loaded 4 modules
polybar|notice:  Loaded font "Cascadia Code:size=18" (name=Cascadia Code, offset=0, file=/usr/share/fonts/cascadia-code-fonts/CascadiaCode-Regular.otf)
polybar|warn:  Dropping unmatched character '🔋' (U+1f50b) in '🔋 Battery: 68%'
polybar|warn:  Dropping unmatched character '🔋' (U+1f50b) in '🔋 Battery: 68%'
polybar|warn:  Dropping unmatched character '🔋' (U+1f50b) in '🔋 Battery: 68%'
polybar|warn:  Dropping unmatched character '🔋' (U+1f50b) in '🔋 Battery: 68%'
polybar|warn:  Dropping unmatched character '🔋' (U+1f50b) in '🔋 Battery: 68%'
polybar|notice:  Termination signal received, shutting down...
polybar|notice:  Parsing config file: /home/federico/.config/polybar/config.ini
polybar|notice:  Listening for IPC messages (PID: 1140)
polybar|notice:  Loading module 'memory' of type 'internal/memory'
polybar|notice:  Loading module 'filesystem' of type 'internal/fs'
polybar|notice:  Loading module 'battery' of type 'custom/script'
polybar|notice:  Loading module 'pulseaudio' of type 'internal/pulseaudio'
polybar|notice:  pulseaudio: using default sink audio_effect.j313-convolver
polybar|notice:  Loaded 4 modules
polybar|notice:  Loaded font "Cascadia Code:size=18" (name=Cascadia Code, offset=0, file=/usr/share/fonts/cascadia-code-fonts/CascadiaCode-Regular.otf)
polybar|warn:  Dropping unmatched character '🔋' (U+1f50b) in '🔋 Battery: 68%'
polybar|warn:  Dropping unmatched character '🔋' (U+1f50b) in '🔋 Battery: 68%'
polybar|warn:  Dropping unmatched character '🔋' (U+1f50b) in '🔋 Battery: 68%'
polybar|notice:  Termination signal received, shutting down...
polybar|notice:  Parsing config file: /home/federico/.config/polybar/config.ini
polybar|notice:  Listening for IPC messages (PID: 1140)
polybar|notice:  Loading module 'memory' of type 'internal/memory'
polybar|notice:  Loading module 'filesystem' of type 'internal/fs'
polybar|notice:  Loading module 'battery' of type 'custom/script'
polybar|notice:  Loading module 'pulseaudio' of type 'internal/pulseaudio'
polybar|notice:  pulseaudio: using default sink audio_effect.j313-convolver
polybar|notice:  Loaded 4 modules
polybar|notice:  Loaded font "Cascadia Code:size=18" (name=Cascadia Code, offset=0, file=/usr/share/fonts/cascadia-code-fonts/CascadiaCode-Regular.otf)
polybar|warn:  Dropping unmatched character '🔋' (U+1f50b) in '🔋 Battery: 68%'
polybar|warn:  Dropping unmatched character '🔋' (U+1f50b) in '🔋 Battery: 68%'
polybar|notice:  Termination signal received, shutting down...
polybar|notice:  Parsing config file: /home/federico/.config/polybar/config.ini
polybar|notice:  Listening for IPC messages (PID: 1140)
polybar|notice:  Loading module 'memory' of type 'internal/memory'
polybar|notice:  Loading module 'filesystem' of type 'internal/fs'
polybar|notice:  Loading module 'battery' of type 'custom/script'
polybar|notice:  Loading module 'pulseaudio' of type 'internal/pulseaudio'
polybar|notice:  pulseaudio: using default sink audio_effect.j313-convolver
polybar|notice:  Loaded 4 modules
polybar|notice:  Loaded font "Cascadia Code:size=18" (name=Cascadia Code, offset=0, file=/usr/share/fonts/cascadia-code-fonts/CascadiaCode-Regular.otf)
polybar|warn:  Dropping unmatched character '🔋' (U+1f50b) in '🔋 Battery: 68%'
polybar|notice:  Termination signal received, shutting down...
polybar|notice:  Parsing config file: /home/federico/.config/polybar/config.ini
polybar|notice:  Listening for IPC messages (PID: 1140)
polybar|notice:  Loading module 'memory' of type 'internal/memory'
polybar|notice:  Loading module 'filesystem' of type 'internal/fs'
polybar|notice:  Loading module 'battery' of type 'custom/script'
polybar|notice:  Loading module 'pulseaudio' of type 'internal/pulseaudio'
polybar|notice:  pulseaudio: using default sink audio_effect.j313-convolver
polybar|notice:  Loaded 4 modules
polybar|notice:  Loaded font "Cascadia Code:size=18" (name=Cascadia Code, offset=0, file=/usr/share/fonts/cascadia-code-fonts/CascadiaCode-Regular.otf)
polybar|warn:  Dropping unmatched character '🔋' (U+1f50b) in '🔋 Battery: 68%'
polybar|notice:  Termination signal received, shutting down...
polybar|notice:  Parsing config file: /home/federico/.config/polybar/config.ini
polybar|notice:  Listening for IPC messages (PID: 1140)
polybar|notice:  Loading module 'memory' of type 'internal/memory'
polybar|notice:  Loading module 'filesystem' of type 'internal/fs'
polybar|notice:  Loading module 'battery' of type 'custom/script'
polybar|notice:  Loading module 'pulseaudio' of type 'internal/pulseaudio'
polybar|notice:  pulseaudio: using default sink audio_effect.j313-convolver
polybar|notice:  Loaded 4 modules
polybar|notice:  Loaded font "Cascadia Code:size=18" (name=Cascadia Code, offset=10, file=/usr/share/fonts/cascadia-code-fonts/CascadiaCode-Regular.otf)
polybar|warn:  Dropping unmatched character '🔋' (U+1f50b) in '🔋 Battery: 68%'
polybar|warn:  Dropping unmatched character '🔋' (U+1f50b) in '🔋 Battery: 68%'
polybar|notice:  Termination signal received, shutting down...
polybar|notice:  Parsing config file: /home/federico/.config/polybar/config.ini
polybar|notice:  Listening for IPC messages (PID: 1140)
polybar|notice:  Loading module 'memory' of type 'internal/memory'
polybar|notice:  Loading module 'filesystem' of type 'internal/fs'
polybar|notice:  Loading module 'battery' of type 'custom/script'
polybar|notice:  Loading module 'pulseaudio' of type 'internal/pulseaudio'
polybar|notice:  pulseaudio: using default sink audio_effect.j313-convolver
polybar|notice:  Loaded 4 modules
polybar|notice:  Loaded font "Cascadia Code:size=18" (name=Cascadia Code, offset=9, file=/usr/share/fonts/cascadia-code-fonts/CascadiaCode-Regular.otf)
polybar|warn:  Dropping unmatched character '🔋' (U+1f50b) in '🔋 Battery: 68%'
polybar|warn:  Dropping unmatched character '🔋' (U+1f50b) in '🔋 Battery: 68%'
polybar|notice:  Termination signal received, shutting down...
polybar|notice:  Parsing config file: /home/federico/.config/polybar/config.ini
polybar|notice:  Listening for IPC messages (PID: 1140)
polybar|notice:  Loading module 'memory' of type 'internal/memory'
polybar|notice:  Loading module 'filesystem' of type 'internal/fs'
polybar|notice:  Loading module 'battery' of type 'custom/script'
polybar|notice:  Loading module 'pulseaudio' of type 'internal/pulseaudio'
polybar|notice:  pulseaudio: using default sink audio_effect.j313-convolver
polybar|notice:  Loaded 4 modules
polybar|notice:  Loaded font "Cascadia Code:size=18" (name=Cascadia Code, offset=5, file=/usr/share/fonts/cascadia-code-fonts/CascadiaCode-Regular.otf)
polybar|warn:  Dropping unmatched character '🔋' (U+1f50b) in '🔋 Battery: 68%'
polybar|warn:  Dropping unmatched character '🔋' (U+1f50b) in '🔋 Battery: 68%'
polybar|warn:  Dropping unmatched character '🔋' (U+1f50b) in '🔋 Battery: 68%'
polybar|warn:  Dropping unmatched character '🔋' (U+1f50b) in '🔋 Battery: 68%'
polybar|warn:  Dropping unmatched character '🔋' (U+1f50b) in '🔋 Battery: 68%'
polybar|warn:  Dropping unmatched character '🔋' (U+1f50b) in '🔋 Battery: 68%'
polybar|warn:  Dropping unmatched character '🔋' (U+1f50b) in '🔋 Battery: 68%'
polybar|warn:  Dropping unmatched character '🔋' (U+1f50b) in '🔋 Battery: 68%'
polybar|warn:  Dropping unmatched character '🔋' (U+1f50b) in '🔋 Battery: 68%'
polybar|warn:  Dropping unmatched character '🔋' (U+1f50b) in '🔋 Battery: 68%'
polybar|notice:  Termination signal received, shutting down...
polybar|notice:  Parsing config file: /home/federico/.config/polybar/config.ini
polybar|notice:  Listening for IPC messages (PID: 1140)
polybar|notice:  Loading module 'cpu' of type 'internal/cpu'
polybar|notice:  Loading module 'memory' of type 'internal/memory'
polybar|notice:  Loading module 'filesystem' of type 'internal/fs'
polybar|notice:  Loading module 'battery' of type 'custom/script'
polybar|notice:  Loading module 'pulseaudio' of type 'internal/pulseaudio'
polybar|notice:  pulseaudio: using default sink audio_effect.j313-convolver
polybar|notice:  Loaded 5 modules
polybar|notice:  Loaded font "Cascadia Code:size=18" (name=Cascadia Code, offset=5, file=/usr/share/fonts/cascadia-code-fonts/CascadiaCode-Regular.otf)
polybar|warn:  Dropping unmatched character '🔋' (U+1f50b) in '🔋 Battery: 68%'
polybar|warn:  Dropping unmatched character '🔋' (U+1f50b) in '🔋 Battery: 68%'
polybar|warn:  Dropping unmatched character '🔋' (U+1f50b) in '🔋 Battery: 68%'
polybar|warn:  Dropping unmatched character '🔋' (U+1f50b) in '🔋 Battery: 68%'
polybar|warn:  Dropping unmatched character '🔋' (U+1f50b) in '🔋 Battery: 68%'
polybar|warn:  Dropping unmatched character '🔋' (U+1f50b) in '🔋 Battery: 68%'
polybar|notice:  Termination signal received, shutting down...
polybar|notice:  Parsing config file: /home/federico/.config/polybar/config.ini
polybar|notice:  Listening for IPC messages (PID: 1140)
polybar|notice:  Loading module 'cpu' of type 'internal/cpu'
polybar|notice:  Loading module 'memory' of type 'internal/memory'
polybar|notice:  Loading module 'filesystem' of type 'internal/fs'
polybar|notice:  Loading module 'battery' of type 'custom/script'
polybar|notice:  Loading module 'pulseaudio' of type 'internal/pulseaudio'
polybar|notice:  pulseaudio: using default sink audio_effect.j313-convolver
polybar|notice:  Loaded 5 modules
polybar|notice:  Loaded font "Cascadia Code:size=18" (name=Cascadia Code, offset=5, file=/usr/share/fonts/cascadia-code-fonts/CascadiaCode-Regular.otf)
polybar|warn:  Dropping unmatched character '🔋' (U+1f50b) in '🔋 Battery: 68%'
polybar|warn:  Dropping unmatched character '🔋' (U+1f50b) in '🔋 Battery: 68%'
polybar|warn:  Dropping unmatched character '🔋' (U+1f50b) in '🔋 Battery: 68%'
polybar|warn:  Dropping unmatched character '🔋' (U+1f50b) in '🔋 Battery: 68%'
polybar|warn:  Dropping unmatched character '🔋' (U+1f50b) in '🔋 Battery: 68%'
polybar|warn:  Dropping unmatched character '🔋' (U+1f50b) in '🔋 Battery: 68%'
polybar|warn:  Dropping unmatched character '🔋' (U+1f50b) in '🔋 Battery: 68%'
polybar|warn:  Dropping unmatched character '🔋' (U+1f50b) in '🔋 Battery: 68%'
polybar|warn:  Dropping unmatched character '🔋' (U+1f50b) in '🔋 Battery: 68%'
polybar|warn:  Dropping unmatched character '🔋' (U+1f50b) in '🔋 Battery: 68%'
polybar|warn:  Dropping unmatched character '🔋' (U+1f50b) in '🔋 Battery: 68%'
polybar|warn:  Dropping unmatched character '🔋' (U+1f50b) in '🔋 Battery: 68%'
polybar|warn:  Dropping unmatched character '🔋' (U+1f50b) in '🔋 Battery: 68%'
polybar|notice:  Termination signal received, shutting down...
polybar|notice:  Parsing config file: /home/federico/.config/polybar/config.ini
polybar|notice:  Listening for IPC messages (PID: 1140)
polybar|notice:  Loading module 'cpu' of type 'internal/cpu'
polybar|notice:  Loading module 'memory' of type 'internal/memory'
polybar|notice:  Loading module 'filesystem' of type 'internal/fs'
polybar|notice:  Loading module 'battery' of type 'custom/script'
polybar|notice:  Loading module 'pulseaudio' of type 'internal/pulseaudio'
polybar|notice:  pulseaudio: using default sink audio_effect.j313-convolver
polybar|notice:  Loaded 5 modules
polybar|notice:  Loaded font "Cascadia Code:size=18" (name=Cascadia Code, offset=5, file=/usr/share/fonts/cascadia-code-fonts/CascadiaCode-Regular.otf)
polybar|warn:  Dropping unmatched character '🔋' (U+1f50b) in '🔋 Battery: 68%'
polybar|warn:  Dropping unmatched character '🔋' (U+1f50b) in '🔋 Battery: 68%'
polybar|warn:  Dropping unmatched character '🔋' (U+1f50b) in '🔋 Battery: 68%'
polybar|warn:  Dropping unmatched character '🔋' (U+1f50b) in '🔋 Battery: 68%'
polybar|warn:  Dropping unmatched character '🔋' (U+1f50b) in '🔋 Battery: 68%'
polybar|warn:  Dropping unmatched character '🔋' (U+1f50b) in '🔋 Battery: 68%'
polybar|warn:  Dropping unmatched character '🔋' (U+1f50b) in '🔋 Battery: 68%'
polybar|warn:  Dropping unmatched character '🔋' (U+1f50b) in '🔋 Battery: 68%'
polybar|warn:  Dropping unmatched character '🔋' (U+1f50b) in '🔋 Battery: 68%'
polybar|notice:  Termination signal received, shutting down...
polybar|notice:  Parsing config file: /home/federico/.config/polybar/config.ini
polybar|notice:  Listening for IPC messages (PID: 1140)
polybar|notice:  Loading module 'cpu' of type 'internal/cpu'
polybar|notice:  Loading module 'memory' of type 'internal/memory'
polybar|notice:  Loading module 'filesystem' of type 'internal/fs'
polybar|notice:  Loading module 'battery' of type 'custom/script'
polybar|notice:  Loading module 'pulseaudio' of type 'internal/pulseaudio'
polybar|notice:  pulseaudio: using default sink audio_effect.j313-convolver
polybar|notice:  Loaded 5 modules
polybar|notice:  Loaded font "Cascadia Code:size=18" (name=Cascadia Code, offset=5, file=/usr/share/fonts/cascadia-code-fonts/CascadiaCode-Regular.otf)
polybar|warn:  Dropping unmatched character '🔋' (U+1f50b) in '🔋 Battery: 68%'
polybar|warn:  Dropping unmatched character '🔋' (U+1f50b) in '🔋 Battery: 68%'
polybar|warn:  Dropping unmatched character '🔋' (U+1f50b) in '🔋 Battery: 68%'
polybar|warn:  Dropping unmatched character '🔋' (U+1f50b) in '🔋 Battery: 68%'
polybar|notice:  Termination signal received, shutting down...
polybar|notice:  Parsing config file: /home/federico/.config/polybar/config.ini
polybar|notice:  Listening for IPC messages (PID: 1140)
polybar|notice:  Loading module 'cpu' of type 'internal/cpu'
polybar|notice:  Loading module 'memory' of type 'internal/memory'
polybar|notice:  Loading module 'filesystem' of type 'internal/fs'
polybar|notice:  Loading module 'battery' of type 'custom/script'
polybar|notice:  Loading module 'pulseaudio' of type 'internal/pulseaudio'
polybar|notice:  pulseaudio: using default sink audio_effect.j313-convolver
polybar|notice:  Loaded 5 modules
polybar|notice:  Loaded font "Cascadia Code:size=18" (name=Cascadia Code, offset=5, file=/usr/share/fonts/cascadia-code-fonts/CascadiaCode-Regular.otf)
polybar|warn:  Dropping unmatched character '🔋' (U+1f50b) in '🔋 Battery: 68%'
polybar|warn:  Dropping unmatched character '🔋' (U+1f50b) in '🔋 Battery: 68%'
polybar|warn:  Dropping unmatched character '🔋' (U+1f50b) in '🔋 Battery: 68%'
polybar|warn:  Dropping unmatched character '🔋' (U+1f50b) in '🔋 Battery: 68%'
polybar|notice:  Termination signal received, shutting down...
polybar|notice:  Parsing config file: /home/federico/.config/polybar/config.ini
polybar|notice:  Listening for IPC messages (PID: 1140)
polybar|notice:  Loading module 'cpu' of type 'internal/cpu'
polybar|notice:  Loading module 'memory' of type 'internal/memory'
polybar|notice:  Loading module 'filesystem' of type 'internal/fs'
polybar|notice:  Loading module 'battery' of type 'custom/script'
polybar|notice:  Loading module 'pulseaudio' of type 'internal/pulseaudio'
polybar|notice:  pulseaudio: using default sink audio_effect.j313-convolver
polybar|notice:  Loaded 5 modules
polybar|notice:  Loaded font "Cascadia Code:size=18" (name=Cascadia Code, offset=5, file=/usr/share/fonts/cascadia-code-fonts/CascadiaCode-Regular.otf)
polybar|warn:  Dropping unmatched character '🔋' (U+1f50b) in '🔋 Battery: 68%'
polybar|warn:  Dropping unmatched character '🔋' (U+1f50b) in '🔋 Battery: 68%'
polybar|warn:  Dropping unmatched character '🔋' (U+1f50b) in '🔋 Battery: 68%'
polybar|warn:  Dropping unmatched character '🔋' (U+1f50b) in '🔋 Battery: 68%'
polybar|warn:  Dropping unmatched character '🔋' (U+1f50b) in '🔋 Battery: 68%'
polybar|warn:  Dropping unmatched character '🔋' (U+1f50b) in '🔋 Battery: 68%'
polybar|warn:  Dropping unmatched character '🔋' (U+1f50b) in '🔋 Battery: 68%'
polybar|warn:  Dropping unmatched character '🔋' (U+1f50b) in '🔋 Battery: 68%'
polybar|notice:  Termination signal received, shutting down...
polybar|notice:  Parsing config file: /home/federico/.config/polybar/config.ini
polybar|notice:  Listening for IPC messages (PID: 1140)
polybar|notice:  Loading module 'cpu' of type 'internal/cpu'
polybar|notice:  Loading module 'memory' of type 'internal/memory'
polybar|notice:  Loading module 'filesystem' of type 'internal/fs'
polybar|notice:  Loading module 'battery' of type 'custom/script'
polybar|notice:  Loading module 'pulseaudio' of type 'internal/pulseaudio'
polybar|notice:  pulseaudio: using default sink audio_effect.j313-convolver
polybar|notice:  Loaded 5 modules
polybar|notice:  Loaded font "Cascadia Code:size=18" (name=Cascadia Code, offset=5, file=/usr/share/fonts/cascadia-code-fonts/CascadiaCode-Regular.otf)
polybar|warn:  Dropping unmatched character '🔋' (U+1f50b) in '🔋 Battery: 68%'
polybar|warn:  Dropping unmatched character '🔋' (U+1f50b) in '🔋 Battery: 68%'
polybar|warn:  Dropping unmatched character '🔋' (U+1f50b) in '🔋 Battery: 68%'
polybar|warn:  Dropping unmatched character '🔋' (U+1f50b) in '🔋 Battery: 68%'
polybar|notice:  Termination signal received, shutting down...
polybar|notice:  Parsing config file: /home/federico/.config/polybar/config.ini
polybar|notice:  Listening for IPC messages (PID: 1140)
polybar|notice:  Loading module 'cpu' of type 'internal/cpu'
polybar|notice:  Loading module 'memory' of type 'internal/memory'
polybar|notice:  Loading module 'filesystem' of type 'internal/fs'
polybar|notice:  Loading module 'battery' of type 'custom/script'
polybar|notice:  Loading module 'pulseaudio' of type 'internal/pulseaudio'
polybar|notice:  pulseaudio: using default sink audio_effect.j313-convolver
polybar|notice:  Loaded 5 modules
polybar|notice:  Loaded font "Cascadia Code:size=18" (name=Cascadia Code, offset=5, file=/usr/share/fonts/cascadia-code-fonts/CascadiaCode-Regular.otf)
polybar|warn:  Dropping unmatched character '🔋' (U+1f50b) in '🔋 Battery: 68%'
polybar|warn:  Dropping unmatched character '🔋' (U+1f50b) in '🔋 Battery: 68%'
polybar|warn:  Dropping unmatched character '🔋' (U+1f50b) in '🔋 Battery: 68%'
polybar|warn:  Dropping unmatched character '🔋' (U+1f50b) in '🔋 Battery: 68%'
polybar|warn:  Dropping unmatched character '🔋' (U+1f50b) in '🔋 Battery: 68%'
polybar|warn:  Dropping unmatched character '🔋' (U+1f50b) in '🔋 Battery: 68%'
polybar|warn:  Dropping unmatched character '🔋' (U+1f50b) in '🔋 Battery: 68%'
polybar|warn:  Dropping unmatched character '🔋' (U+1f50b) in '🔋 Battery: 68%'
polybar|warn:  Dropping unmatched character '🔋' (U+1f50b) in '🔋 Battery: 68%'
polybar|warn:  Dropping unmatched character '🔋' (U+1f50b) in '🔋 Battery: 68%'
polybar|notice:  Termination signal received, shutting down...
polybar|notice:  Parsing config file: /home/federico/.config/polybar/config.ini
polybar|notice:  Listening for IPC messages (PID: 1140)
polybar|notice:  Loading module 'cpu' of type 'internal/cpu'
polybar|notice:  Loading module 'memory' of type 'internal/memory'
polybar|notice:  Loading module 'filesystem' of type 'internal/fs'
polybar|notice:  Loading module 'battery' of type 'custom/script'
polybar|notice:  Loading module 'pulseaudio' of type 'internal/pulseaudio'
polybar|notice:  pulseaudio: using default sink audio_effect.j313-convolver
polybar|notice:  Loaded 5 modules
polybar|notice:  Loaded font "Cascadia Code:size=18" (name=Cascadia Code, offset=5, file=/usr/share/fonts/cascadia-code-fonts/CascadiaCode-Regular.otf)
polybar|warn:  Dropping unmatched character '🔋' (U+1f50b) in '🔋 Battery: 68%'
polybar|warn:  Dropping unmatched character '🔋' (U+1f50b) in '🔋 Battery: 68%'
polybar|warn:  Dropping unmatched character '🔋' (U+1f50b) in '🔋 Battery: 68%'
polybar|warn:  Dropping unmatched character '🔋' (U+1f50b) in '🔋 Battery: 68%'
polybar|warn:  Dropping unmatched character '🔋' (U+1f50b) in '🔋 Battery: 68%'
polybar|warn:  Dropping unmatched character '🔋' (U+1f50b) in '🔋 Battery: 68%'
polybar|warn:  Dropping unmatched character '🔋' (U+1f50b) in '🔋 Battery: 68%'
polybar|warn:  Dropping unmatched character '🔋' (U+1f50b) in '🔋 Battery: 68%'
polybar|warn:  Dropping unmatched character '🔋' (U+1f50b) in '🔋 Battery: 68%'
polybar|warn:  Dropping unmatched character '🔋' (U+1f50b) in '🔋 Battery: 68%'
polybar|warn:  Dropping unmatched character '🔋' (U+1f50b) in '🔋 Battery: 68%'
polybar|warn:  Dropping unmatched character '🔋' (U+1f50b) in '🔋 Battery: 68%'
polybar|warn:  Dropping unmatched character '🔋' (U+1f50b) in '🔋 Battery: 68%'
polybar|warn:  Dropping unmatched character '🔋' (U+1f50b) in '🔋 Battery: 68%'
polybar|warn:  Dropping unmatched character '🔋' (U+1f50b) in '🔋 Battery: 68%'
polybar|warn:  Dropping unmatched character '🔋' (U+1f50b) in '🔋 Battery: 68%'
polybar|warn:  Dropping unmatched character '🔋' (U+1f50b) in '🔋 Battery: 68%'
polybar|warn:  Dropping unmatched character '🔋' (U+1f50b) in '🔋 Battery: 68%'
polybar|warn:  Dropping unmatched character '🔋' (U+1f50b) in '🔋 Battery: 68%'
polybar|warn:  Dropping unmatched character '🔋' (U+1f50b) in '🔋 Battery: 68%'
polybar|warn:  Dropping unmatched character '🔋' (U+1f50b) in '🔋 Battery: 68%'
polybar|warn:  Dropping unmatched character '🔋' (U+1f50b) in '🔋 Battery: 68%'
polybar|warn:  Dropping unmatched character '🔋' (U+1f50b) in '🔋 Battery: 68%'
polybar|warn:  Dropping unmatched character '🔋' (U+1f50b) in '🔋 Battery: 68%'
polybar|warn:  Dropping unmatched character '🔋' (U+1f50b) in '🔋 Battery: 68%'
polybar|warn:  Dropping unmatched character '🔋' (U+1f50b) in '🔋 Battery: 68%'
polybar|warn:  Dropping unmatched character '🔋' (U+1f50b) in '🔋 Battery: 68%'
polybar|warn:  Dropping unmatched character '🔋' (U+1f50b) in '🔋 Battery: 68%'
polybar|warn:  Dropping unmatched character '🔋' (U+1f50b) in '🔋 Battery: 68%'
polybar|notice:  Termination signal received, shutting down...
polybar|notice:  Parsing config file: /home/federico/.config/polybar/config.ini
polybar|notice:  Listening for IPC messages (PID: 1140)
polybar|notice:  Loading module 'cpu' of type 'internal/cpu'
polybar|notice:  Loading module 'memory' of type 'internal/memory'
polybar|notice:  Loading module 'filesystem' of type 'internal/fs'
polybar|notice:  Loading module 'battery' of type 'custom/script'
polybar|notice:  Loading module 'pulseaudio' of type 'internal/pulseaudio'
polybar|notice:  pulseaudio: using default sink audio_effect.j313-convolver
polybar|notice:  Loaded 5 modules
polybar|notice:  Loaded font "Cascadia Code:size=18" (name=Cascadia Code, offset=5, file=/usr/share/fonts/cascadia-code-fonts/CascadiaCode-Regular.otf)
polybar|notice:  Termination signal received, shutting down...
polybar|notice:  Parsing config file: /home/federico/.config/polybar/config.ini
polybar|notice:  Listening for IPC messages (PID: 1140)
polybar|notice:  Loading module 'cpu' of type 'internal/cpu'
polybar|notice:  Loading module 'memory' of type 'internal/memory'
polybar|notice:  Loading module 'filesystem' of type 'internal/fs'
polybar|notice:  Loading module 'battery' of type 'custom/script'
polybar|notice:  Loading module 'pulseaudio' of type 'internal/pulseaudio'
polybar|notice:  pulseaudio: using default sink audio_effect.j313-convolver
polybar|notice:  Loaded 5 modules
polybar|notice:  Loaded font "Cascadia Code:size=18" (name=Cascadia Code, offset=5, file=/usr/share/fonts/cascadia-code-fonts/CascadiaCode-Regular.otf)
polybar|notice:  Termination signal received, shutting down...
polybar|notice:  Parsing config file: /home/federico/.config/polybar/config.ini
polybar|notice:  Listening for IPC messages (PID: 1140)
polybar|notice:  Loading module 'cpu' of type 'internal/cpu'
polybar|notice:  Loading module 'memory' of type 'internal/memory'
polybar|notice:  Loading module 'filesystem' of type 'internal/fs'
polybar|notice:  Loading module 'battery' of type 'custom/script'
polybar|notice:  Loading module 'pulseaudio' of type 'internal/pulseaudio'
polybar|notice:  pulseaudio: using default sink audio_effect.j313-convolver
polybar|notice:  Loaded 5 modules
polybar|notice:  Loaded font "Cascadia Code:size=18" (name=Cascadia Code, offset=5, file=/usr/share/fonts/cascadia-code-fonts/CascadiaCode-Regular.otf)
polybar|notice:  Termination signal received, shutting down...
polybar|notice:  Parsing config file: /home/federico/.config/polybar/config.ini
polybar|notice:  Listening for IPC messages (PID: 1140)
polybar|notice:  Loading module 'cpu' of type 'internal/cpu'
polybar|notice:  Loading module 'memory' of type 'internal/memory'
polybar|notice:  Loading module 'filesystem' of type 'internal/fs'
polybar|notice:  Loading module 'battery' of type 'custom/script'
polybar|notice:  Loading module 'pulseaudio' of type 'internal/pulseaudio'
polybar|notice:  pulseaudio: using default sink audio_effect.j313-convolver
polybar|notice:  Loaded 5 modules
polybar|notice:  Loaded font "Cascadia Code:size=18" (name=Cascadia Code, offset=5, file=/usr/share/fonts/cascadia-code-fonts/CascadiaCode-Regular.otf)
polybar|notice:  Termination signal received, shutting down...
polybar|notice:  Parsing config file: /home/federico/.config/polybar/config.ini
polybar|notice:  Listening for IPC messages (PID: 1140)
polybar|notice:  Loading module 'cpu' of type 'internal/cpu'
polybar|notice:  Loading module 'memory' of type 'internal/memory'
polybar|notice:  Loading module 'filesystem' of type 'internal/fs'
polybar|notice:  Loading module 'battery' of type 'custom/script'
polybar|notice:  Loading module 'pulseaudio' of type 'internal/pulseaudio'
polybar|notice:  pulseaudio: using default sink audio_effect.j313-convolver
polybar|notice:  Loaded 5 modules
polybar|notice:  Loaded font "Cascadia Code:size=18" (name=Cascadia Code, offset=5, file=/usr/share/fonts/cascadia-code-fonts/CascadiaCode-Regular.otf)
polybar|notice:  Termination signal received, shutting down...
polybar|notice:  Parsing config file: /home/federico/.config/polybar/config.ini
polybar|notice:  Listening for IPC messages (PID: 1140)
polybar|notice:  Loading module 'cpu' of type 'internal/cpu'
polybar|notice:  Loading module 'memory' of type 'internal/memory'
polybar|notice:  Loading module 'filesystem' of type 'internal/fs'
polybar|notice:  Loading module 'battery' of type 'custom/script'
polybar|notice:  Loading module 'pulseaudio' of type 'internal/pulseaudio'
polybar|notice:  pulseaudio: using default sink audio_effect.j313-convolver
polybar|notice:  Loaded 5 modules
polybar|notice:  Loaded font "Cascadia Code:size=18" (name=Cascadia Code, offset=5, file=/usr/share/fonts/cascadia-code-fonts/CascadiaCode-Regular.otf)
polybar|notice:  Termination signal received, shutting down...
polybar|notice:  Parsing config file: /home/federico/.config/polybar/config.ini
polybar|notice:  Listening for IPC messages (PID: 1140)
polybar|notice:  Loading module 'cpu' of type 'internal/cpu'
polybar|notice:  Loading module 'memory' of type 'internal/memory'
polybar|notice:  Loading module 'filesystem' of type 'internal/fs'
polybar|notice:  Loading module 'battery' of type 'custom/script'
polybar|notice:  Loading module 'pulseaudio' of type 'internal/pulseaudio'
polybar|notice:  pulseaudio: using default sink audio_effect.j313-convolver
polybar|notice:  Loaded 5 modules
polybar|notice:  Loaded font "Cascadia Code:size=18" (name=Cascadia Code, offset=5, file=/usr/share/fonts/cascadia-code-fonts/CascadiaCode-Regular.otf)
polybar|notice:  Termination signal received, shutting down...
polybar|notice:  Parsing config file: /home/federico/.config/polybar/config.ini
polybar|notice:  Listening for IPC messages (PID: 1140)
polybar|notice:  Loading module 'cpu' of type 'internal/cpu'
polybar|notice:  Loading module 'memory' of type 'internal/memory'
polybar|notice:  Loading module 'filesystem' of type 'internal/fs'
polybar|notice:  Loading module 'battery' of type 'custom/script'
polybar|notice:  Loading module 'pulseaudio' of type 'internal/pulseaudio'
polybar|notice:  pulseaudio: using default sink audio_effect.j313-convolver
polybar|notice:  Loaded 5 modules
polybar|notice:  Loaded font "Cascadia Code:size=18" (name=Cascadia Code, offset=5, file=/usr/share/fonts/cascadia-code-fonts/CascadiaCode-Regular.otf)
polybar|notice:  Termination signal received, shutting down...
polybar|notice:  Parsing config file: /home/federico/.config/polybar/config.ini
polybar|notice:  Listening for IPC messages (PID: 1140)
polybar|notice:  Loading module 'filesystem' of type 'internal/fs'
polybar|notice:  Loading module 'memory' of type 'internal/memory'
polybar|notice:  Loading module 'cpu' of type 'internal/cpu'
polybar|notice:  Loading module 'battery' of type 'custom/script'
polybar|notice:  Loading module 'pulseaudio' of type 'internal/pulseaudio'
polybar|notice:  pulseaudio: using default sink audio_effect.j313-convolver
polybar|notice:  Loaded 5 modules
polybar|notice:  Loaded font "Cascadia Code:size=18" (name=Cascadia Code, offset=5, file=/usr/share/fonts/cascadia-code-fonts/CascadiaCode-Regular.otf)
polybar|notice:  Termination signal received, shutting down...
polybar|notice:  Parsing config file: /home/federico/.config/polybar/config.ini
polybar|notice:  Listening for IPC messages (PID: 1140)
polybar|notice:  Loading module 'filesystem' of type 'internal/fs'
polybar|notice:  Loading module 'memory' of type 'internal/memory'
polybar|notice:  Loading module 'cpu' of type 'internal/cpu'
polybar|notice:  Loading module 'battery' of type 'custom/script'
polybar|notice:  Loading module 'pulseaudio' of type 'internal/pulseaudio'
polybar|notice:  pulseaudio: using default sink audio_effect.j313-convolver
polybar|notice:  Loaded 5 modules
polybar|notice:  Loaded font "Cascadia Code:size=18" (name=Cascadia Code, offset=5, file=/usr/share/fonts/cascadia-code-fonts/CascadiaCode-Regular.otf)
polybar|notice:  Termination signal received, shutting down...
polybar|notice:  Parsing config file: /home/federico/.config/polybar/config.ini
polybar|notice:  Listening for IPC messages (PID: 1140)
polybar|notice:  Loading module 'filesystem' of type 'internal/fs'
polybar|notice:  Loading module 'memory' of type 'internal/memory'
polybar|notice:  Loading module 'cpu' of type 'internal/cpu'
polybar|notice:  Loading module 'battery' of type 'custom/script'
polybar|notice:  Loading module 'pulseaudio' of type 'internal/pulseaudio'
polybar|notice:  pulseaudio: using default sink audio_effect.j313-convolver
polybar|notice:  Loaded 5 modules
polybar|notice:  Loaded font "Cascadia Code:size=18" (name=Cascadia Code, offset=5, file=/usr/share/fonts/cascadia-code-fonts/CascadiaCode-Regular.otf)
polybar|notice:  Termination signal received, shutting down...
polybar|notice:  Parsing config file: /home/federico/.config/polybar/config.ini
polybar|notice:  Listening for IPC messages (PID: 1140)
polybar|notice:  Loading module 'filesystem' of type 'internal/fs'
polybar|notice:  Loading module 'memory' of type 'internal/memory'
polybar|notice:  Loading module 'cpu' of type 'internal/cpu'
polybar|notice:  Loading module 'battery' of type 'custom/script'
polybar|notice:  Loading module 'pulseaudio' of type 'internal/pulseaudio'
polybar|notice:  pulseaudio: using default sink audio_effect.j313-convolver
polybar|notice:  Loaded 5 modules
polybar|notice:  Loaded font "Cascadia Code:size=18" (name=Cascadia Code, offset=5, file=/usr/share/fonts/cascadia-code-fonts/CascadiaCode-Regular.otf)
polybar|notice:  Termination signal received, shutting down...
polybar|notice:  Parsing config file: /home/federico/.config/polybar/config.ini
polybar|notice:  Listening for IPC messages (PID: 1140)
polybar|notice:  Loading module 'filesystem' of type 'internal/fs'
polybar|notice:  Loading module 'memory' of type 'internal/memory'
polybar|notice:  Loading module 'cpu' of type 'internal/cpu'
polybar|notice:  Loading module 'battery' of type 'custom/script'
polybar|notice:  Loading module 'pulseaudio' of type 'internal/pulseaudio'
polybar|notice:  pulseaudio: using default sink audio_effect.j313-convolver
polybar|notice:  Loaded 5 modules
polybar|notice:  Loaded font "Cascadia Code:size=18" (name=Cascadia Code, offset=5, file=/usr/share/fonts/cascadia-code-fonts/CascadiaCode-Regular.otf)
polybar|notice:  Termination signal received, shutting down...
polybar|notice:  Parsing config file: /home/federico/.config/polybar/config.ini
polybar|notice:  Listening for IPC messages (PID: 1140)
polybar|notice:  Loading module 'filesystem' of type 'internal/fs'
polybar|notice:  Loading module 'memory' of type 'internal/memory'
polybar|notice:  Loading module 'cpu' of type 'internal/cpu'
polybar|notice:  Loading module 'battery' of type 'custom/script'
polybar|notice:  Loading module 'pulseaudio' of type 'internal/pulseaudio'
polybar|notice:  pulseaudio: using default sink audio_effect.j313-convolver
polybar|notice:  Loaded 5 modules
polybar|notice:  Loaded font "Cascadia Code:size=18" (name=Cascadia Code, offset=5, file=/usr/share/fonts/cascadia-code-fonts/CascadiaCode-Regular.otf)
polybar|notice:  Termination signal received, shutting down...
polybar|notice:  Parsing config file: /home/federico/.config/polybar/config.ini
polybar|notice:  Listening for IPC messages (PID: 1140)
polybar|notice:  Loading module 'filesystem' of type 'internal/fs'
polybar|notice:  Loading module 'memory' of type 'internal/memory'
polybar|notice:  Loading module 'cpu' of type 'internal/cpu'
polybar|notice:  Loading module 'battery' of type 'custom/script'
polybar|notice:  Loading module 'pulseaudio' of type 'internal/pulseaudio'
polybar|notice:  pulseaudio: using default sink audio_effect.j313-convolver
polybar|notice:  Loaded 5 modules
polybar|notice:  Loaded font "Cascadia Code:size=18" (name=Cascadia Code, offset=5, file=/usr/share/fonts/cascadia-code-fonts/CascadiaCode-Regular.otf)
polybar|notice:  Termination signal received, shutting down...
polybar|notice:  Parsing config file: /home/federico/.config/polybar/config.ini
polybar|notice:  Listening for IPC messages (PID: 1140)
polybar|notice:  Loading module 'filesystem' of type 'internal/fs'
polybar|notice:  Loading module 'memory' of type 'internal/memory'
polybar|notice:  Loading module 'cpu' of type 'internal/cpu'
polybar|notice:  Loading module 'battery' of type 'custom/script'
polybar|notice:  Loading module 'pulseaudio' of type 'internal/pulseaudio'
polybar|notice:  pulseaudio: using default sink audio_effect.j313-convolver
polybar|notice:  Loaded 5 modules
polybar|notice:  Loaded font "Cascadia Code:size=18" (name=Cascadia Code, offset=5, file=/usr/share/fonts/cascadia-code-fonts/CascadiaCode-Regular.otf)
polybar|notice:  Termination signal received, shutting down...
polybar|notice:  Parsing config file: /home/federico/.config/polybar/config.ini
polybar|notice:  Listening for IPC messages (PID: 1140)
polybar|notice:  Loading module 'filesystem' of type 'internal/fs'
polybar|notice:  Loading module 'memory' of type 'internal/memory'
polybar|notice:  Loading module 'cpu' of type 'internal/cpu'
polybar|notice:  Loading module 'battery' of type 'custom/script'
polybar|notice:  Loading module 'pulseaudio' of type 'internal/pulseaudio'
polybar|notice:  pulseaudio: using default sink audio_effect.j313-convolver
polybar|notice:  Loaded 5 modules
polybar|notice:  Loaded font "Cascadia Code:size=18" (name=Cascadia Code, offset=5, file=/usr/share/fonts/cascadia-code-fonts/CascadiaCode-Regular.otf)
polybar|notice:  Termination signal received, shutting down...
polybar|notice:  Parsing config file: /home/federico/.config/polybar/config.ini
polybar|notice:  Listening for IPC messages (PID: 1140)
polybar|notice:  Loading module 'filesystem' of type 'internal/fs'
polybar|notice:  Loading module 'memory' of type 'internal/memory'
polybar|notice:  Loading module 'cpu' of type 'internal/cpu'
polybar|notice:  Loading module 'battery' of type 'custom/script'
polybar|notice:  Loading module 'pulseaudio' of type 'internal/pulseaudio'
polybar|notice:  pulseaudio: using default sink audio_effect.j313-convolver
polybar|notice:  Loaded 5 modules
polybar|notice:  Loaded font "Cascadia Code:size=18" (name=Cascadia Code, offset=5, file=/usr/share/fonts/cascadia-code-fonts/CascadiaCode-Regular.otf)
polybar|notice:  Received signal(15): Terminated
polybar|notice:  Termination signal received, shutting down...
Launching Polybar...
polybar|notice:  Parsing config file: /home/federico/.config/polybar/config.ini
polybar|notice:  Listening for IPC messages (PID: 1145)
polybar|notice:  Loading module 'filesystem' of type 'internal/fs'
polybar|notice:  Loading module 'memory' of type 'internal/memory'
polybar|notice:  Loading module 'cpu' of type 'internal/cpu'
polybar|notice:  Loading module 'battery' of type 'custom/script'
polybar|notice:  Loading module 'pulseaudio' of type 'internal/pulseaudio'
polybar|notice:  pulseaudio: using default sink 
polybar|notice:  Loaded 5 modules
polybar|notice:  Loaded font "Cascadia Code:size=18" (name=Cascadia Code, offset=5, file=/usr/share/fonts/cascadia-code-fonts/CascadiaCode-Regular.otf)
polybar|notice:  pulseaudio: using default sink auto_null
polybar|notice:  pulseaudio: using default sink alsa_output.platform-sound.HiFi__Headphones__sink
polybar|notice:  pulseaudio: using default sink alsa_output.platform-sound.HiFi__Headphones__sink
polybar|notice:  pulseaudio: using default sink alsa_output.platform-sound.HiFi__Headphones__sink
polybar|notice:  pulseaudio: using default sink alsa_output.platform-sound.HiFi__Headphones__sink
polybar|notice:  pulseaudio: using default sink alsa_output.platform-sound.HiFi__Headphones__sink
polybar|notice:  pulseaudio: using default sink alsa_output.platform-sound.HiFi__Headphones__sink
polybar|notice:  pulseaudio: using default sink alsa_output.platform-sound.HiFi__Headphones__sink
polybar|notice:  pulseaudio: using default sink alsa_output.platform-sound.HiFi__Headphones__sink
polybar|notice:  pulseaudio: using default sink audio_effect.j313-convolver
polybar|notice:  Received signal(15): Terminated
polybar|notice:  Termination signal received, shutting down...
Launching Polybar...
polybar|notice:  Parsing config file: /home/federico/.config/polybar/config.ini
polybar|notice:  Listening for IPC messages (PID: 1129)
polybar|notice:  Loading module 'filesystem' of type 'internal/fs'
polybar|notice:  Loading module 'memory' of type 'internal/memory'
polybar|notice:  Loading module 'cpu' of type 'internal/cpu'
polybar|notice:  Loading module 'battery' of type 'custom/script'
polybar|notice:  Loading module 'pulseaudio' of type 'internal/pulseaudio'
polybar|notice:  pulseaudio: using default sink 
polybar|notice:  Loaded 5 modules
polybar|notice:  Loaded font "Cascadia Code:size=18" (name=Cascadia Code, offset=5, file=/usr/share/fonts/cascadia-code-fonts/CascadiaCode-Regular.otf)
polybar|notice:  pulseaudio: using default sink auto_null
polybar|notice:  pulseaudio: using default sink alsa_output.platform-sound.HiFi__Headphones__sink
polybar|notice:  pulseaudio: using default sink alsa_output.platform-sound.HiFi__Headphones__sink
polybar|notice:  pulseaudio: using default sink alsa_output.platform-sound.HiFi__Headphones__sink
polybar|notice:  pulseaudio: using default sink alsa_output.platform-sound.HiFi__Headphones__sink
polybar|notice:  pulseaudio: using default sink alsa_output.platform-sound.HiFi__Headphones__sink
polybar|notice:  pulseaudio: using default sink alsa_output.platform-sound.HiFi__Headphones__sink
polybar|notice:  pulseaudio: using default sink alsa_output.platform-sound.HiFi__Headphones__sink
polybar|notice:  pulseaudio: using default sink audio_effect.j313-convolver
polybar|error: libuv error while polling X connection: bad file descriptor
polybar|notice:  Termination signal received, shutting down...
Launching Polybar...
polybar|notice:  Parsing config file: /home/federico/.config/polybar/config.ini
polybar|notice:  Listening for IPC messages (PID: 1145)
polybar|notice:  Loading module 'filesystem' of type 'internal/fs'
polybar|notice:  Loading module 'memory' of type 'internal/memory'
polybar|notice:  Loading module 'cpu' of type 'internal/cpu'
polybar|notice:  Loading module 'battery' of type 'custom/script'
polybar|notice:  Loading module 'pulseaudio' of type 'internal/pulseaudio'
polybar|notice:  pulseaudio: using default sink 
polybar|notice:  Loaded 5 modules
polybar|notice:  Loaded font "Cascadia Code:size=18" (name=Cascadia Code, offset=5, file=/usr/share/fonts/cascadia-code-fonts/CascadiaCode-Regular.otf)
polybar|notice:  pulseaudio: using default sink auto_null
polybar|notice:  pulseaudio: using default sink alsa_output.platform-sound.HiFi__Headphones__sink
polybar|notice:  pulseaudio: using default sink alsa_output.platform-sound.HiFi__Headphones__sink
polybar|notice:  pulseaudio: using default sink alsa_output.platform-sound.HiFi__Headphones__sink
polybar|notice:  pulseaudio: using default sink alsa_output.platform-sound.HiFi__Headphones__sink
polybar|notice:  pulseaudio: using default sink alsa_output.platform-sound.HiFi__Headphones__sink
polybar|notice:  pulseaudio: using default sink alsa_output.platform-sound.HiFi__Headphones__sink
polybar|notice:  pulseaudio: using default sink alsa_output.platform-sound.HiFi__Headphones__sink
polybar|notice:  pulseaudio: using default sink alsa_output.platform-sound.HiFi__Headphones__sink
polybar|notice:  pulseaudio: using default sink audio_effect.j313-convolver
polybar|notice:  Received signal(15): Terminated
polybar|notice:  Termination signal received, shutting down...
Launching Polybar...
polybar|notice:  Parsing config file: /home/federico/.config/polybar/config.ini
polybar|notice:  Listening for IPC messages (PID: 1140)
polybar|notice:  Loading module 'filesystem' of type 'internal/fs'
polybar|notice:  Loading module 'memory' of type 'internal/memory'
polybar|notice:  Loading module 'cpu' of type 'internal/cpu'
polybar|notice:  Loading module 'battery' of type 'custom/script'
polybar|notice:  Loading module 'pulseaudio' of type 'internal/pulseaudio'
polybar|notice:  pulseaudio: using default sink 
polybar|notice:  Loaded 5 modules
polybar|notice:  Loaded font "Cascadia Code:size=18" (name=Cascadia Code, offset=5, file=/usr/share/fonts/cascadia-code-fonts/CascadiaCode-Regular.otf)
polybar|notice:  pulseaudio: using default sink auto_null
polybar|notice:  pulseaudio: using default sink alsa_output.platform-sound.HiFi__Headphones__sink
polybar|notice:  pulseaudio: using default sink alsa_output.platform-sound.HiFi__Headphones__sink
polybar|notice:  pulseaudio: using default sink alsa_output.platform-sound.HiFi__Headphones__sink
polybar|notice:  pulseaudio: using default sink alsa_output.platform-sound.HiFi__Headphones__sink
polybar|notice:  pulseaudio: using default sink alsa_output.platform-sound.HiFi__Headphones__sink
polybar|notice:  pulseaudio: using default sink alsa_output.platform-sound.HiFi__Headphones__sink
polybar|notice:  pulseaudio: using default sink alsa_output.platform-sound.HiFi__Headphones__sink
polybar|notice:  pulseaudio: using default sink alsa_output.platform-sound.HiFi__Headphones__sink
polybar|notice:  pulseaudio: using default sink audio_effect.j313-convolver
polybar|error: X connection error, terminating... (what: Socket, pipe or stream error)
polybar|notice:  Termination signal received, shutting down...
Launching Polybar...
polybar|notice:  Parsing config file: /home/federico/.config/polybar/config.ini
polybar|notice:  Listening for IPC messages (PID: 2360)
polybar|notice:  Loading module 'filesystem' of type 'internal/fs'
polybar|notice:  Loading module 'memory' of type 'internal/memory'
polybar|notice:  Loading module 'cpu' of type 'internal/cpu'
polybar|notice:  Loading module 'battery' of type 'custom/script'
polybar|notice:  Loading module 'pulseaudio' of type 'internal/pulseaudio'
polybar|notice:  pulseaudio: using default sink audio_effect.j313-convolver
polybar|notice:  Loaded 5 modules
polybar|notice:  Loaded font "Cascadia Code:size=18" (name=Cascadia Code, offset=5, file=/usr/share/fonts/cascadia-code-fonts/CascadiaCode-Regular.otf)
polybar|error: X connection error, terminating... (what: Socket, pipe or stream error)
polybar|notice:  Termination signal received, shutting down...
Launching Polybar...
polybar|notice:  Parsing config file: /home/federico/.config/polybar/config.ini
polybar|notice:  Listening for IPC messages (PID: 3017)
polybar|notice:  Loading module 'filesystem' of type 'internal/fs'
polybar|notice:  Loading module 'memory' of type 'internal/memory'
polybar|notice:  Loading module 'cpu' of type 'internal/cpu'
polybar|notice:  Loading module 'battery' of type 'custom/script'
polybar|notice:  Loading module 'pulseaudio' of type 'internal/pulseaudio'
polybar|notice:  pulseaudio: using default sink audio_effect.j313-convolver
polybar|notice:  Loaded 5 modules
polybar|notice:  Loaded font "Cascadia Code:size=18" (name=Cascadia Code, offset=5, file=/usr/share/fonts/cascadia-code-fonts/CascadiaCode-Regular.otf)
polybar|error: X connection error, terminating... (what: Socket, pipe or stream error)
polybar|notice:  Termination signal received, shutting down...
Launching Polybar...
polybar|notice:  Parsing config file: /home/federico/.config/polybar/config.ini
polybar|notice:  Listening for IPC messages (PID: 1143)
polybar|notice:  Loading module 'filesystem' of type 'internal/fs'
polybar|notice:  Loading module 'memory' of type 'internal/memory'
polybar|notice:  Loading module 'cpu' of type 'internal/cpu'
polybar|notice:  Loading module 'battery' of type 'custom/script'
polybar|notice:  Loading module 'pulseaudio' of type 'internal/pulseaudio'
polybar|notice:  pulseaudio: using default sink 
polybar|notice:  Loaded 5 modules
polybar|notice:  Loaded font "Cascadia Code:size=18" (name=Cascadia Code, offset=5, file=/usr/share/fonts/cascadia-code-fonts/CascadiaCode-Regular.otf)
polybar|notice:  pulseaudio: using default sink auto_null
polybar|notice:  pulseaudio: using default sink alsa_output.platform-sound.HiFi__Headphones__sink
polybar|notice:  pulseaudio: using default sink alsa_output.platform-sound.HiFi__Headphones__sink
polybar|notice:  pulseaudio: using default sink alsa_output.platform-sound.HiFi__Headphones__sink
polybar|notice:  pulseaudio: using default sink alsa_output.platform-sound.HiFi__Headphones__sink
polybar|notice:  pulseaudio: using default sink alsa_output.platform-sound.HiFi__Headphones__sink
polybar|notice:  pulseaudio: using default sink alsa_output.platform-sound.HiFi__Headphones__sink
polybar|notice:  pulseaudio: using default sink alsa_output.platform-sound.HiFi__Headphones__sink
polybar|notice:  pulseaudio: using default sink alsa_output.platform-sound.HiFi__Headphones__sink
polybar|notice:  pulseaudio: using default sink audio_effect.j313-convolver
polybar|notice:  Received signal(15): Terminated
polybar|notice:  Termination signal received, shutting down...
Launching Polybar...
polybar|notice:  Parsing config file: /home/federico/.config/polybar/config.ini
polybar|notice:  Listening for IPC messages (PID: 1382)
polybar|notice:  Loading module 'filesystem' of type 'internal/fs'
polybar|notice:  Loading module 'memory' of type 'internal/memory'
polybar|notice:  Loading module 'cpu' of type 'internal/cpu'
polybar|notice:  Loading module 'battery' of type 'custom/script'
polybar|notice:  Loading module 'pulseaudio' of type 'internal/pulseaudio'
polybar|notice:  pulseaudio: using default sink 
polybar|notice:  Loaded 5 modules
polybar|notice:  Loaded font "Cascadia Code:size=18" (name=Cascadia Code, offset=5, file=/usr/share/fonts/cascadia-code-fonts/CascadiaCode-Regular.otf)
polybar|notice:  pulseaudio: using default sink auto_null
polybar|notice:  pulseaudio: using default sink alsa_output.platform-sound.HiFi__Headphones__sink
polybar|notice:  pulseaudio: using default sink alsa_output.platform-sound.HiFi__Headphones__sink
polybar|notice:  pulseaudio: using default sink alsa_output.platform-sound.HiFi__Headphones__sink
polybar|notice:  pulseaudio: using default sink alsa_output.platform-sound.HiFi__Headphones__sink
polybar|notice:  pulseaudio: using default sink alsa_output.platform-sound.HiFi__Headphones__sink
polybar|notice:  pulseaudio: using default sink alsa_output.platform-sound.HiFi__Headphones__sink
polybar|notice:  pulseaudio: using default sink alsa_output.platform-sound.HiFi__Headphones__sink
polybar|notice:  pulseaudio: using default sink alsa_output.platform-sound.HiFi__Headphones__sink
polybar|notice:  pulseaudio: using default sink audio_effect.j313-convolver
polybar|notice:  Termination signal received, shutting down...
polybar|notice:  Parsing config file: /home/federico/.config/polybar/config.ini
polybar|notice:  Listening for IPC messages (PID: 1382)
polybar|notice:  Loading module 'filesystem' of type 'internal/fs'
polybar|notice:  Loading module 'memory' of type 'internal/memory'
polybar|notice:  Loading module 'cpu' of type 'internal/cpu'
polybar|notice:  Loading module 'battery' of type 'custom/script'
polybar|notice:  Loading module 'pulseaudio' of type 'internal/pulseaudio'
polybar|notice:  pulseaudio: using default sink audio_effect.j313-convolver
polybar|notice:  Loading module 'date' of type 'internal/date'
polybar|notice:  Loaded 6 modules
polybar|notice:  Loaded font "Cascadia Code:size=18" (name=Cascadia Code, offset=5, file=/usr/share/fonts/cascadia-code-fonts/CascadiaCode-Regular.otf)
polybar|notice:  Termination signal received, shutting down...
polybar|notice:  Parsing config file: /home/federico/.config/polybar/config.ini
polybar|notice:  Listening for IPC messages (PID: 1382)
polybar|notice:  Loading module 'filesystem' of type 'internal/fs'
polybar|notice:  Loading module 'memory' of type 'internal/memory'
polybar|notice:  Loading module 'cpu' of type 'internal/cpu'
polybar|notice:  Loading module 'battery' of type 'custom/script'
polybar|notice:  Loading module 'pulseaudio' of type 'internal/pulseaudio'
polybar|notice:  pulseaudio: using default sink audio_effect.j313-convolver
polybar|notice:  Loading module 'date' of type 'internal/date'
polybar|notice:  Loaded 6 modules
polybar|notice:  Loaded font "Cascadia Code:size=18" (name=Cascadia Code, offset=5, file=/usr/share/fonts/cascadia-code-fonts/CascadiaCode-Regular.otf)
polybar|notice:  Termination signal received, shutting down...
polybar|notice:  Parsing config file: /home/federico/.config/polybar/config.ini
polybar|notice:  Listening for IPC messages (PID: 1382)
polybar|notice:  Loading module 'filesystem' of type 'internal/fs'
polybar|notice:  Loading module 'memory' of type 'internal/memory'
polybar|notice:  Loading module 'cpu' of type 'internal/cpu'
polybar|notice:  Loading module 'battery' of type 'custom/script'
polybar|notice:  Loading module 'pulseaudio' of type 'internal/pulseaudio'
polybar|notice:  pulseaudio: using default sink audio_effect.j313-convolver
polybar|notice:  Loading module 'date' of type 'internal/date'
polybar|notice:  Loaded 6 modules
polybar|notice:  Loaded font "Cascadia Code:size=18" (name=Cascadia Code, offset=5, file=/usr/share/fonts/cascadia-code-fonts/CascadiaCode-Regular.otf)
polybar|notice:  Termination signal received, shutting down...
polybar|notice:  Parsing config file: /home/federico/.config/polybar/config.ini
polybar|notice:  Listening for IPC messages (PID: 1382)
polybar|notice:  Loading module 'filesystem' of type 'internal/fs'
polybar|notice:  Loading module 'memory' of type 'internal/memory'
polybar|notice:  Loading module 'cpu' of type 'internal/cpu'
polybar|notice:  Loading module 'battery' of type 'custom/script'
polybar|notice:  Loading module 'pulseaudio' of type 'internal/pulseaudio'
polybar|notice:  pulseaudio: using default sink audio_effect.j313-convolver
polybar|notice:  Loading module 'date' of type 'internal/date'
polybar|notice:  Loaded 6 modules
polybar|notice:  Loaded font "Cascadia Code:size=18" (name=Cascadia Code, offset=5, file=/usr/share/fonts/cascadia-code-fonts/CascadiaCode-Regular.otf)
polybar|notice:  Termination signal received, shutting down...
polybar|notice:  Parsing config file: /home/federico/.config/polybar/config.ini
polybar|notice:  Listening for IPC messages (PID: 1382)
polybar|notice:  Loading module 'filesystem' of type 'internal/fs'
polybar|notice:  Loading module 'memory' of type 'internal/memory'
polybar|notice:  Loading module 'cpu' of type 'internal/cpu'
polybar|notice:  Loading module 'battery' of type 'custom/script'
polybar|notice:  Loading module 'pulseaudio' of type 'internal/pulseaudio'
polybar|notice:  pulseaudio: using default sink audio_effect.j313-convolver
polybar|notice:  Loading module 'date' of type 'internal/date'
polybar|notice:  Loaded 6 modules
polybar|notice:  Loaded font "Cascadia Code:size=18" (name=Cascadia Code, offset=5, file=/usr/share/fonts/cascadia-code-fonts/CascadiaCode-Regular.otf)
polybar|notice:  Termination signal received, shutting down...
polybar|notice:  Parsing config file: /home/federico/.config/polybar/config.ini
polybar|notice:  Listening for IPC messages (PID: 1382)
polybar|notice:  Loading module 'filesystem' of type 'internal/fs'
polybar|notice:  Loading module 'memory' of type 'internal/memory'
polybar|notice:  Loading module 'cpu' of type 'internal/cpu'
polybar|notice:  Loading module 'battery' of type 'custom/script'
polybar|notice:  Loading module 'pulseaudio' of type 'internal/pulseaudio'
polybar|notice:  pulseaudio: using default sink audio_effect.j313-convolver
polybar|notice:  Loading module 'date' of type 'internal/date'
polybar|notice:  Loaded 6 modules
polybar|notice:  Loaded font "Cascadia Code:size=18" (name=Cascadia Code, offset=5, file=/usr/share/fonts/cascadia-code-fonts/CascadiaCode-Regular.otf)
polybar|notice:  Termination signal received, shutting down...
polybar|notice:  Parsing config file: /home/federico/.config/polybar/config.ini
polybar|notice:  Listening for IPC messages (PID: 1382)
polybar|notice:  Loading module 'filesystem' of type 'internal/fs'
polybar|notice:  Loading module 'memory' of type 'internal/memory'
polybar|notice:  Loading module 'cpu' of type 'internal/cpu'
polybar|notice:  Loading module 'battery' of type 'custom/script'
polybar|notice:  Loading module 'pulseaudio' of type 'internal/pulseaudio'
polybar|notice:  pulseaudio: using default sink audio_effect.j313-convolver
polybar|notice:  Loading module 'date' of type 'internal/date'
polybar|notice:  Loaded 6 modules
polybar|notice:  Loaded font "Cascadia Code:size=18" (name=Cascadia Code, offset=5, file=/usr/share/fonts/cascadia-code-fonts/CascadiaCode-Regular.otf)
polybar|error: X connection error, terminating... (what: Socket, pipe or stream error)
polybar|notice:  Termination signal received, shutting down...
Launching Polybar...
polybar|notice:  Parsing config file: /home/federico/.config/polybar/config.ini
polybar|notice:  Listening for IPC messages (PID: 4675)
polybar|notice:  Loading module 'filesystem' of type 'internal/fs'
polybar|notice:  Loading module 'memory' of type 'internal/memory'
polybar|notice:  Loading module 'cpu' of type 'internal/cpu'
polybar|notice:  Loading module 'battery' of type 'custom/script'
polybar|notice:  Loading module 'pulseaudio' of type 'internal/pulseaudio'
polybar|notice:  pulseaudio: using default sink audio_effect.j313-convolver
polybar|notice:  Loading module 'date' of type 'internal/date'
polybar|notice:  Loaded 6 modules
polybar|notice:  Loaded font "Cascadia Code:size=18" (name=Cascadia Code, offset=5, file=/usr/share/fonts/cascadia-code-fonts/CascadiaCode-Regular.otf)
polybar|error: X connection error, terminating... (what: Socket, pipe or stream error)
polybar|notice:  Termination signal received, shutting down...
Launching Polybar...
polybar|notice:  Parsing config file: /home/federico/.config/polybar/config.ini
polybar|notice:  Listening for IPC messages (PID: 7018)
polybar|notice:  Loading module 'filesystem' of type 'internal/fs'
polybar|notice:  Loading module 'memory' of type 'internal/memory'
polybar|notice:  Loading module 'cpu' of type 'internal/cpu'
polybar|notice:  Loading module 'battery' of type 'custom/script'
polybar|notice:  Loading module 'pulseaudio' of type 'internal/pulseaudio'
polybar|notice:  pulseaudio: using default sink audio_effect.j313-convolver
polybar|notice:  Loading module 'date' of type 'internal/date'
polybar|notice:  Loaded 6 modules
polybar|notice:  Loaded font "Cascadia Code:size=18" (name=Cascadia Code, offset=5, file=/usr/share/fonts/cascadia-code-fonts/CascadiaCode-Regular.otf)
polybar|notice:  Received signal(15): Terminated
Launching Polybar...
polybar|notice:  Parsing config file: /home/federico/.config/polybar/config.ini
polybar|notice:  Listening for IPC messages (PID: 1399)
polybar|notice:  Loading module 'filesystem' of type 'internal/fs'
polybar|notice:  Loading module 'memory' of type 'internal/memory'
polybar|notice:  Loading module 'cpu' of type 'internal/cpu'
polybar|notice:  Loading module 'battery' of type 'custom/script'
polybar|notice:  Loading module 'pulseaudio' of type 'internal/pulseaudio'
polybar|notice:  pulseaudio: using default sink 
polybar|notice:  Loading module 'date' of type 'internal/date'
polybar|notice:  Loaded 6 modules
polybar|notice:  Loaded font "Cascadia Code:size=18" (name=Cascadia Code, offset=5, file=/usr/share/fonts/cascadia-code-fonts/CascadiaCode-Regular.otf)
polybar|notice:  pulseaudio: using default sink auto_null
polybar|notice:  pulseaudio: using default sink alsa_output.platform-sound.HiFi__Headphones__sink
polybar|notice:  pulseaudio: using default sink alsa_output.platform-sound.HiFi__Headphones__sink
polybar|notice:  pulseaudio: using default sink alsa_output.platform-sound.HiFi__Headphones__sink
polybar|notice:  pulseaudio: using default sink alsa_output.platform-sound.HiFi__Headphones__sink
polybar|notice:  pulseaudio: using default sink alsa_output.platform-sound.HiFi__Headphones__sink
polybar|notice:  pulseaudio: using default sink alsa_output.platform-sound.HiFi__Headphones__sink
polybar|notice:  pulseaudio: using default sink alsa_output.platform-sound.HiFi__Headphones__sink
polybar|notice:  pulseaudio: using default sink alsa_output.platform-sound.HiFi__Headphones__sink
polybar|notice:  pulseaudio: using default sink audio_effect.j313-convolver
polybar|notice:  Received signal(15): Terminated
polybar|notice:  Termination signal received, shutting down...
Launching Polybar...
polybar|notice:  Parsing config file: /home/federico/.config/polybar/config.ini
polybar|notice:  Listening for IPC messages (PID: 1387)
polybar|notice:  Loading module 'filesystem' of type 'internal/fs'
polybar|notice:  Loading module 'memory' of type 'internal/memory'
polybar|notice:  Loading module 'cpu' of type 'internal/cpu'
polybar|notice:  Loading module 'battery' of type 'custom/script'
polybar|notice:  Loading module 'pulseaudio' of type 'internal/pulseaudio'
polybar|notice:  pulseaudio: using default sink 
polybar|notice:  Loading module 'date' of type 'internal/date'
polybar|notice:  Loaded 6 modules
polybar|notice:  Loaded font "Cascadia Code:size=18" (name=Cascadia Code, offset=5, file=/usr/share/fonts/cascadia-code-fonts/CascadiaCode-Regular.otf)
polybar|notice:  pulseaudio: using default sink auto_null
polybar|notice:  pulseaudio: using default sink alsa_output.platform-sound.HiFi__Headphones__sink
polybar|notice:  pulseaudio: using default sink alsa_output.platform-sound.HiFi__Headphones__sink
polybar|notice:  pulseaudio: using default sink alsa_output.platform-sound.HiFi__Headphones__sink
polybar|notice:  pulseaudio: using default sink alsa_output.platform-sound.HiFi__Headphones__sink
polybar|notice:  pulseaudio: using default sink alsa_output.platform-sound.HiFi__Headphones__sink
polybar|notice:  pulseaudio: using default sink alsa_output.platform-sound.HiFi__Headphones__sink
polybar|notice:  pulseaudio: using default sink alsa_output.platform-sound.HiFi__Headphones__sink
polybar|notice:  pulseaudio: using default sink alsa_output.platform-sound.HiFi__Headphones__sink
polybar|notice:  pulseaudio: using default sink audio_effect.j313-convolver
Launching Polybar...
polybar|notice:  Parsing config file: /home/federico/.config/polybar/config.ini
polybar|notice:  Listening for IPC messages (PID: 1402)
polybar|notice:  Loading module 'filesystem' of type 'internal/fs'
polybar|notice:  Loading module 'memory' of type 'internal/memory'
polybar|notice:  Loading module 'cpu' of type 'internal/cpu'
polybar|notice:  Loading module 'battery' of type 'custom/script'
polybar|notice:  Loading module 'pulseaudio' of type 'internal/pulseaudio'
polybar|notice:  pulseaudio: using default sink 
polybar|notice:  Loading module 'date' of type 'internal/date'
polybar|notice:  Loaded 6 modules
polybar|notice:  Loaded font "Cascadia Code:size=18" (name=Cascadia Code, offset=5, file=/usr/share/fonts/cascadia-code-fonts/CascadiaCode-Regular.otf)
polybar|notice:  pulseaudio: using default sink auto_null
polybar|notice:  pulseaudio: using default sink alsa_output.platform-sound.HiFi__Headphones__sink
polybar|notice:  pulseaudio: using default sink alsa_output.platform-sound.HiFi__Headphones__sink
polybar|notice:  pulseaudio: using default sink alsa_output.platform-sound.HiFi__Headphones__sink
polybar|notice:  pulseaudio: using default sink alsa_output.platform-sound.HiFi__Headphones__sink
polybar|notice:  pulseaudio: using default sink alsa_output.platform-sound.HiFi__Headphones__sink
polybar|notice:  pulseaudio: using default sink alsa_output.platform-sound.HiFi__Headphones__sink
polybar|notice:  pulseaudio: using default sink alsa_output.platform-sound.HiFi__Headphones__sink
polybar|notice:  pulseaudio: using default sink alsa_output.platform-sound.HiFi__Headphones__sink
polybar|notice:  pulseaudio: using default sink audio_effect.j313-convolver
polybar|notice:  Termination signal received, shutting down...
polybar|notice:  Parsing config file: /home/federico/.config/polybar/config.ini
polybar|notice:  Listening for IPC messages (PID: 1402)
polybar|notice:  Loading module 'filesystem' of type 'internal/fs'
polybar|notice:  Loading module 'memory' of type 'internal/memory'
polybar|notice:  Loading module 'cpu' of type 'internal/cpu'
polybar|notice:  Loading module 'battery' of type 'custom/script'
polybar|notice:  Loading module 'pulseaudio' of type 'internal/pulseaudio'
polybar|notice:  pulseaudio: using default sink audio_effect.j313-convolver
polybar|notice:  Loading module 'date' of type 'internal/date'
polybar|notice:  Loaded 6 modules
polybar|notice:  Loaded font "Cascadia Code:size=18" (name=Cascadia Code, offset=5, file=/usr/share/fonts/cascadia-code-fonts/CascadiaCode-Regular.otf)
polybar|notice:  Termination signal received, shutting down...
polybar|notice:  Parsing config file: /home/federico/.config/polybar/config.ini
polybar|notice:  Listening for IPC messages (PID: 1402)
polybar|notice:  Loading module 'filesystem' of type 'internal/fs'
polybar|notice:  Loading module 'memory' of type 'internal/memory'
polybar|notice:  Loading module 'cpu' of type 'internal/cpu'
polybar|notice:  Loading module 'battery' of type 'custom/script'
polybar|notice:  Loading module 'pulseaudio' of type 'internal/pulseaudio'
polybar|notice:  pulseaudio: using default sink audio_effect.j313-convolver
polybar|notice:  Loading module 'date' of type 'internal/date'
polybar|notice:  Loaded 6 modules
polybar|notice:  Loaded font "Cascadia Code:size=18" (name=Cascadia Code, offset=5, file=/usr/share/fonts/cascadia-code-fonts/CascadiaCode-Regular.otf)
polybar|notice:  Termination signal received, shutting down...
polybar|notice:  Parsing config file: /home/federico/.config/polybar/config.ini
polybar|notice:  Listening for IPC messages (PID: 1402)
polybar|notice:  Loading module 'filesystem' of type 'internal/fs'
polybar|notice:  Loading module 'memory' of type 'internal/memory'
polybar|notice:  Loading module 'cpu' of type 'internal/cpu'
polybar|notice:  Loading module 'battery' of type 'custom/script'
polybar|notice:  Loading module 'pulseaudio' of type 'internal/pulseaudio'
polybar|notice:  pulseaudio: using default sink audio_effect.j313-convolver
polybar|notice:  Loading module 'date' of type 'internal/date'
polybar|notice:  Loaded 6 modules
polybar|notice:  Loaded font "Cascadia Code:size=18" (name=Cascadia Code, offset=5, file=/usr/share/fonts/cascadia-code-fonts/CascadiaCode-Regular.otf)
polybar|notice:  Termination signal received, shutting down...
polybar|notice:  Parsing config file: /home/federico/.config/polybar/config.ini
polybar|notice:  Listening for IPC messages (PID: 1402)
polybar|notice:  Loading module 'filesystem' of type 'internal/fs'
polybar|notice:  Loading module 'memory' of type 'internal/memory'
polybar|notice:  Loading module 'cpu' of type 'internal/cpu'
polybar|notice:  Loading module 'battery' of type 'custom/script'
polybar|notice:  Loading module 'pulseaudio' of type 'internal/pulseaudio'
polybar|notice:  pulseaudio: using default sink audio_effect.j313-convolver
polybar|notice:  Loading module 'date' of type 'internal/date'
polybar|notice:  Loaded 6 modules
polybar|notice:  Loaded font "Cascadia Code:size=18" (name=Cascadia Code, offset=5, file=/usr/share/fonts/cascadia-code-fonts/CascadiaCode-Regular.otf)
polybar|notice:  Termination signal received, shutting down...
polybar|notice:  Parsing config file: /home/federico/.config/polybar/config.ini
polybar|notice:  Listening for IPC messages (PID: 1402)
polybar|notice:  Loading module 'filesystem' of type 'internal/fs'
polybar|notice:  Loading module 'memory' of type 'internal/memory'
polybar|notice:  Loading module 'cpu' of type 'internal/cpu'
polybar|notice:  Loading module 'battery' of type 'custom/script'
polybar|notice:  Loading module 'pulseaudio' of type 'internal/pulseaudio'
polybar|notice:  pulseaudio: using default sink audio_effect.j313-convolver
polybar|notice:  Loading module 'date' of type 'internal/date'
polybar|notice:  Loaded 6 modules
polybar|notice:  Loaded font "Cascadia Code:size=18" (name=Cascadia Code, offset=5, file=/usr/share/fonts/cascadia-code-fonts/CascadiaCode-Regular.otf)
polybar|notice:  pulseaudio: using default sink audio_effect.j313-convolver
polybar|notice:  pulseaudio: using default sink bluez_output.00_02_3C_AA_0D_B5.1
polybar|notice:  pulseaudio: using default sink alsa_output.platform-sound.HiFi__Headphones__sink
polybar|notice:  pulseaudio: using default sink alsa_output.platform-sound.HiFi__Headphones__sink
polybar|notice:  pulseaudio: using default sink audio_effect.j313-convolver
polybar|notice:  pulseaudio: using default sink audio_effect.j313-convolver
polybar|notice:  pulseaudio: using default sink bluez_output.00_02_3C_AA_0D_B5.1
polybar|notice:  pulseaudio: using default sink alsa_output.platform-sound.HiFi__Headphones__sink
polybar|notice:  pulseaudio: using default sink alsa_output.platform-sound.HiFi__Headphones__sink
polybar|notice:  pulseaudio: using default sink audio_effect.j313-convolver
polybar|notice:  pulseaudio: using default sink audio_effect.j313-convolver
polybar|notice:  pulseaudio: using default sink bluez_output.00_02_3C_AA_0D_B5.1
polybar|notice:  pulseaudio: using default sink audio_effect.j313-convolver
polybar|notice:  pulseaudio: using default sink audio_effect.j313-convolver
polybar|notice:  pulseaudio: using default sink audio_effect.j313-convolver
polybar|notice:  pulseaudio: using default sink audio_effect.j313-convolver
polybar|notice:  pulseaudio: using default sink bluez_output.00_02_3C_AA_0D_B5.1
polybar|notice:  pulseaudio: using default sink audio_effect.j313-convolver
polybar|notice:  pulseaudio: using default sink bluez_output.00_02_3C_AA_0D_B5.1
polybar|notice:  pulseaudio: using default sink bluez_output.00_02_3C_AA_0D_B5.1
polybar|notice:  pulseaudio: using default sink bluez_output.00_02_3C_AA_0D_B5.1
polybar|notice:  pulseaudio: using default sink bluez_output.00_02_3C_AA_0D_B5.1
polybar|notice:  pulseaudio: using default sink audio_effect.j313-convolver
polybar|notice:  pulseaudio: using default sink audio_effect.j313-convolver
polybar|notice:  pulseaudio: using default sink audio_effect.j313-convolver
polybar|notice:  pulseaudio: using default sink audio_effect.j313-convolver
polybar|notice:  pulseaudio: using default sink bluez_output.00_02_3C_AA_0D_B5.1
polybar|notice:  pulseaudio: using default sink alsa_output.platform-sound.HiFi__Headphones__sink
polybar|notice:  pulseaudio: using default sink alsa_output.platform-sound.HiFi__Headphones__sink
polybar|notice:  pulseaudio: using default sink alsa_output.platform-sound.HiFi__Headphones__sink
polybar|notice:  pulseaudio: using default sink audio_effect.j313-convolver
polybar|error: X connection error, terminating... (what: Socket, pipe or stream error)
polybar|notice:  Termination signal received, shutting down...
Launching Polybar...
polybar|notice:  Parsing config file: /home/federico/.config/polybar/config.ini
polybar|notice:  Listening for IPC messages (PID: 1439)
polybar|notice:  Loading module 'filesystem' of type 'internal/fs'
polybar|notice:  Loading module 'memory' of type 'internal/memory'
polybar|notice:  Loading module 'cpu' of type 'internal/cpu'
polybar|notice:  Loading module 'battery' of type 'custom/script'
polybar|notice:  Loading module 'pulseaudio' of type 'internal/pulseaudio'
polybar|notice:  pulseaudio: using default sink 
polybar|notice:  Loading module 'date' of type 'internal/date'
polybar|notice:  Loaded 6 modules
polybar|notice:  Loaded font "Cascadia Code:size=18" (name=Cascadia Code, offset=5, file=/usr/share/fonts/cascadia-code-fonts/CascadiaCode-Regular.otf)
polybar|notice:  pulseaudio: using default sink auto_null
polybar|notice:  pulseaudio: using default sink alsa_output.platform-sound.HiFi__Headphones__sink
polybar|notice:  pulseaudio: using default sink alsa_output.platform-sound.HiFi__Headphones__sink
polybar|notice:  pulseaudio: using default sink alsa_output.platform-sound.HiFi__Headphones__sink
polybar|notice:  pulseaudio: using default sink alsa_output.platform-sound.HiFi__Headphones__sink
polybar|notice:  pulseaudio: using default sink alsa_output.platform-sound.HiFi__Headphones__sink
polybar|notice:  pulseaudio: using default sink alsa_output.platform-sound.HiFi__Headphones__sink
polybar|notice:  pulseaudio: using default sink alsa_output.platform-sound.HiFi__Headphones__sink
polybar|notice:  pulseaudio: using default sink audio_effect.j313-convolver
polybar|error: X connection error, terminating... (what: Socket, pipe or stream error)
Launching Polybar...
polybar|notice:  Parsing config file: /home/federico/.config/polybar/config.ini
polybar|notice:  Listening for IPC messages (PID: 1439)
polybar|notice:  Loading module 'filesystem' of type 'internal/fs'
polybar|notice:  Loading module 'memory' of type 'internal/memory'
polybar|notice:  Loading module 'cpu' of type 'internal/cpu'
polybar|notice:  Loading module 'battery' of type 'custom/script'
polybar|notice:  Loading module 'pulseaudio' of type 'internal/pulseaudio'
polybar|notice:  pulseaudio: using default sink 
polybar|notice:  Loading module 'date' of type 'internal/date'
polybar|notice:  Loaded 6 modules
polybar|notice:  Loaded font "Cascadia Code:size=18" (name=Cascadia Code, offset=5, file=/usr/share/fonts/cascadia-code-fonts/CascadiaCode-Regular.otf)
polybar|notice:  pulseaudio: using default sink auto_null
polybar|notice:  pulseaudio: using default sink alsa_output.platform-sound.HiFi__Headphones__sink
polybar|notice:  pulseaudio: using default sink alsa_output.platform-sound.HiFi__Headphones__sink
polybar|notice:  pulseaudio: using default sink alsa_output.platform-sound.HiFi__Headphones__sink
polybar|notice:  pulseaudio: using default sink alsa_output.platform-sound.HiFi__Headphones__sink
polybar|notice:  pulseaudio: using default sink alsa_output.platform-sound.HiFi__Headphones__sink
polybar|notice:  pulseaudio: using default sink alsa_output.platform-sound.HiFi__Headphones__sink
polybar|notice:  pulseaudio: using default sink alsa_output.platform-sound.HiFi__Headphones__sink
polybar|notice:  pulseaudio: using default sink alsa_output.platform-sound.HiFi__Headphones__sink
polybar|notice:  pulseaudio: using default sink audio_effect.j313-convolver
polybar|notice:  Termination signal received, shutting down...
polybar|notice:  Parsing config file: /home/federico/.config/polybar/config.ini
polybar|notice:  Listening for IPC messages (PID: 1439)
polybar|notice:  Loading module 'filesystem' of type 'internal/fs'
polybar|notice:  Loading module 'memory' of type 'internal/memory'
polybar|notice:  Loading module 'cpu' of type 'internal/cpu'
polybar|notice:  Loading module 'battery' of type 'custom/script'
polybar|notice:  Loading module 'pulseaudio' of type 'internal/pulseaudio'
polybar|notice:  pulseaudio: using default sink audio_effect.j313-convolver
polybar|notice:  Loading module 'date' of type 'internal/date'
polybar|notice:  Loading module 'ewmh' of type 'internal/xworkspaces'
polybar|notice:  Loaded 7 modules
polybar|notice:  Loaded font "Cascadia Code:size=18" (name=Cascadia Code, offset=5, file=/usr/share/fonts/cascadia-code-fonts/CascadiaCode-Regular.otf)
polybar|notice:  Received signal(15): Terminated
polybar|notice:  Termination signal received, shutting down...
Launching Polybar...
polybar|notice:  Parsing config file: /home/federico/.config/polybar/config.ini
polybar|notice:  Listening for IPC messages (PID: 1428)
polybar|notice:  Loading module 'filesystem' of type 'internal/fs'
polybar|notice:  Loading module 'memory' of type 'internal/memory'
polybar|notice:  Loading module 'cpu' of type 'internal/cpu'
polybar|notice:  Loading module 'battery' of type 'custom/script'
polybar|notice:  Loading module 'pulseaudio' of type 'internal/pulseaudio'
polybar|notice:  pulseaudio: using default sink 
polybar|notice:  Loading module 'date' of type 'internal/date'
polybar|notice:  Loading module 'ewmh' of type 'internal/xworkspaces'
polybar|notice:  Loaded 7 modules
polybar|notice:  Loaded font "Cascadia Code:size=18" (name=Cascadia Code, offset=5, file=/usr/share/fonts/cascadia-code-fonts/CascadiaCode-Regular.otf)
polybar|notice:  pulseaudio: using default sink auto_null
polybar|notice:  pulseaudio: using default sink alsa_output.platform-sound.HiFi__Headphones__sink
polybar|notice:  pulseaudio: using default sink alsa_output.platform-sound.HiFi__Headphones__sink
polybar|notice:  pulseaudio: using default sink alsa_output.platform-sound.HiFi__Headphones__sink
polybar|notice:  pulseaudio: using default sink alsa_output.platform-sound.HiFi__Headphones__sink
polybar|notice:  pulseaudio: using default sink alsa_output.platform-sound.HiFi__Headphones__sink
polybar|notice:  pulseaudio: using default sink alsa_output.platform-sound.HiFi__Headphones__sink
polybar|notice:  pulseaudio: using default sink alsa_output.platform-sound.HiFi__Headphones__sink
polybar|notice:  pulseaudio: using default sink alsa_output.platform-sound.HiFi__Headphones__sink
polybar|notice:  pulseaudio: using default sink audio_effect.j313-convolver
polybar|notice:  Received signal(15): Terminated
polybar|notice:  Termination signal received, shutting down...
Launching Polybar...
polybar|notice:  Parsing config file: /home/federico/.config/polybar/config.ini
polybar|notice:  Listening for IPC messages (PID: 1429)
polybar|notice:  Loading module 'filesystem' of type 'internal/fs'
polybar|notice:  Loading module 'memory' of type 'internal/memory'
polybar|notice:  Loading module 'cpu' of type 'internal/cpu'
polybar|notice:  Loading module 'battery' of type 'custom/script'
polybar|notice:  Loading module 'pulseaudio' of type 'internal/pulseaudio'
polybar|notice:  pulseaudio: using default sink 
polybar|notice:  Loading module 'date' of type 'internal/date'
polybar|notice:  Loading module 'ewmh' of type 'internal/xworkspaces'
polybar|notice:  Loaded 7 modules
polybar|notice:  Loaded font "Cascadia Code:size=18" (name=Cascadia Code, offset=5, file=/usr/share/fonts/cascadia-code-fonts/CascadiaCode-Regular.otf)
polybar|notice:  pulseaudio: using default sink auto_null
polybar|notice:  pulseaudio: using default sink alsa_output.platform-sound.HiFi__Headphones__sink
polybar|notice:  pulseaudio: using default sink alsa_output.platform-sound.HiFi__Headphones__sink
polybar|notice:  pulseaudio: using default sink alsa_output.platform-sound.HiFi__Headphones__sink
polybar|notice:  pulseaudio: using default sink alsa_output.platform-sound.HiFi__Headphones__sink
polybar|notice:  pulseaudio: using default sink alsa_output.platform-sound.HiFi__Headphones__sink
polybar|notice:  pulseaudio: using default sink alsa_output.platform-sound.HiFi__Headphones__sink
polybar|notice:  pulseaudio: using default sink alsa_output.platform-sound.HiFi__Headphones__sink
polybar|notice:  pulseaudio: using default sink audio_effect.j313-convolver
polybar|error: libuv error while polling X connection: bad file descriptor
polybar|notice:  Termination signal received, shutting down...
Launching Polybar...
polybar|notice:  Parsing config file: /home/federico/.config/polybar/config.ini
polybar|notice:  Listening for IPC messages (PID: 1435)
polybar|notice:  Loading module 'filesystem' of type 'internal/fs'
polybar|notice:  Loading module 'memory' of type 'internal/memory'
polybar|notice:  Loading module 'cpu' of type 'internal/cpu'
polybar|notice:  Loading module 'battery' of type 'custom/script'
polybar|notice:  Loading module 'pulseaudio' of type 'internal/pulseaudio'
polybar|notice:  pulseaudio: using default sink 
polybar|notice:  Loading module 'date' of type 'internal/date'
polybar|notice:  Loading module 'ewmh' of type 'internal/xworkspaces'
polybar|notice:  Loaded 7 modules
polybar|notice:  Loaded font "Cascadia Code:size=18" (name=Cascadia Code, offset=5, file=/usr/share/fonts/cascadia-code-fonts/CascadiaCode-Regular.otf)
polybar|notice:  pulseaudio: using default sink auto_null
polybar|notice:  pulseaudio: using default sink alsa_output.platform-sound.HiFi__Headphones__sink
polybar|notice:  pulseaudio: using default sink alsa_output.platform-sound.HiFi__Headphones__sink
polybar|notice:  pulseaudio: using default sink alsa_output.platform-sound.HiFi__Headphones__sink
polybar|notice:  pulseaudio: using default sink alsa_output.platform-sound.HiFi__Headphones__sink
polybar|notice:  pulseaudio: using default sink alsa_output.platform-sound.HiFi__Headphones__sink
polybar|notice:  pulseaudio: using default sink alsa_output.platform-sound.HiFi__Headphones__sink
polybar|notice:  pulseaudio: using default sink alsa_output.platform-sound.HiFi__Headphones__sink
polybar|notice:  pulseaudio: using default sink alsa_output.platform-sound.HiFi__Headphones__sink
polybar|notice:  pulseaudio: using default sink audio_effect.j313-convolver
polybar|notice:  pulseaudio: using default sink audio_effect.j313-convolver
polybar|notice:  pulseaudio: using default sink bluez_output.00_02_3C_AA_0D_B5.1
polybar|notice:  pulseaudio: using default sink alsa_output.platform-sound.HiFi__Headphones__sink
polybar|notice:  pulseaudio: using default sink alsa_output.platform-sound.HiFi__Headphones__sink
polybar|notice:  pulseaudio: using default sink alsa_output.platform-sound.HiFi__Headphones__sink
polybar|notice:  pulseaudio: using default sink audio_effect.j313-convolver
polybar|error: libuv error while polling X connection: bad file descriptor
polybar|notice:  Termination signal received, shutting down...
Launching Polybar...
polybar|notice:  Parsing config file: /home/federico/.config/polybar/config.ini
polybar|notice:  Listening for IPC messages (PID: 1422)
polybar|notice:  Loading module 'filesystem' of type 'internal/fs'
polybar|notice:  Loading module 'memory' of type 'internal/memory'
polybar|notice:  Loading module 'cpu' of type 'internal/cpu'
polybar|notice:  Loading module 'battery' of type 'custom/script'
polybar|notice:  Loading module 'pulseaudio' of type 'internal/pulseaudio'
polybar|notice:  pulseaudio: using default sink 
polybar|notice:  Loading module 'date' of type 'internal/date'
polybar|notice:  Loading module 'ewmh' of type 'internal/xworkspaces'
polybar|notice:  Loaded 7 modules
polybar|notice:  Loaded font "Cascadia Code:size=18" (name=Cascadia Code, offset=5, file=/usr/share/fonts/cascadia-code-fonts/CascadiaCode-Regular.otf)
polybar|notice:  pulseaudio: using default sink auto_null
polybar|notice:  pulseaudio: using default sink alsa_output.platform-sound.HiFi__Headphones__sink
polybar|notice:  pulseaudio: using default sink alsa_output.platform-sound.HiFi__Headphones__sink
polybar|notice:  pulseaudio: using default sink alsa_output.platform-sound.HiFi__Headphones__sink
polybar|notice:  pulseaudio: using default sink alsa_output.platform-sound.HiFi__Headphones__sink
polybar|notice:  pulseaudio: using default sink alsa_output.platform-sound.HiFi__Headphones__sink
polybar|notice:  pulseaudio: using default sink alsa_output.platform-sound.HiFi__Headphones__sink
polybar|notice:  pulseaudio: using default sink alsa_output.platform-sound.HiFi__Headphones__sink
polybar|notice:  pulseaudio: using default sink alsa_output.platform-sound.HiFi__Headphones__sink
polybar|notice:  pulseaudio: using default sink audio_effect.j313-convolver
polybar|notice:  Received signal(15): Terminated
polybar|notice:  Termination signal received, shutting down...
Launching Polybar...
polybar|notice:  Parsing config file: /home/federico/.config/polybar/config.ini
polybar|notice:  Listening for IPC messages (PID: 1429)
polybar|notice:  Loading module 'filesystem' of type 'internal/fs'
polybar|notice:  Loading module 'memory' of type 'internal/memory'
polybar|notice:  Loading module 'cpu' of type 'internal/cpu'
polybar|notice:  Loading module 'battery' of type 'custom/script'
polybar|notice:  Loading module 'pulseaudio' of type 'internal/pulseaudio'
polybar|notice:  pulseaudio: using default sink 
polybar|notice:  Loading module 'date' of type 'internal/date'
polybar|notice:  Loading module 'ewmh' of type 'internal/xworkspaces'
polybar|notice:  Loaded 7 modules
polybar|notice:  Loaded font "Cascadia Code:size=18" (name=Cascadia Code, offset=5, file=/usr/share/fonts/cascadia-code-fonts/CascadiaCode-Regular.otf)
polybar|notice:  pulseaudio: using default sink auto_null
polybar|notice:  pulseaudio: using default sink alsa_output.platform-sound.HiFi__Headphones__sink
polybar|notice:  pulseaudio: using default sink alsa_output.platform-sound.HiFi__Headphones__sink
polybar|notice:  pulseaudio: using default sink alsa_output.platform-sound.HiFi__Headphones__sink
polybar|notice:  pulseaudio: using default sink alsa_output.platform-sound.HiFi__Headphones__sink
polybar|notice:  pulseaudio: using default sink alsa_output.platform-sound.HiFi__Headphones__sink
polybar|notice:  pulseaudio: using default sink alsa_output.platform-sound.HiFi__Headphones__sink
polybar|notice:  pulseaudio: using default sink alsa_output.platform-sound.HiFi__Headphones__sink
polybar|notice:  pulseaudio: using default sink audio_effect.j313-convolver
polybar|notice:  Received signal(15): Terminated
polybar|notice:  Termination signal received, shutting down...
Launching Polybar...
polybar|notice:  Parsing config file: /home/federico/.config/polybar/config.ini
polybar|notice:  Listening for IPC messages (PID: 1443)
polybar|notice:  Loading module 'filesystem' of type 'internal/fs'
polybar|notice:  Loading module 'memory' of type 'internal/memory'
polybar|notice:  Loading module 'cpu' of type 'internal/cpu'
polybar|notice:  Loading module 'battery' of type 'custom/script'
polybar|notice:  Loading module 'pulseaudio' of type 'internal/pulseaudio'
polybar|notice:  pulseaudio: using default sink 
polybar|notice:  Loading module 'date' of type 'internal/date'
polybar|notice:  Loading module 'ewmh' of type 'internal/xworkspaces'
polybar|notice:  Loaded 7 modules
polybar|notice:  Loaded font "Cascadia Code:size=18" (name=Cascadia Code, offset=5, file=/usr/share/fonts/cascadia-code-fonts/CascadiaCode-Regular.otf)
polybar|notice:  pulseaudio: using default sink auto_null
polybar|notice:  pulseaudio: using default sink alsa_output.platform-sound.HiFi__Headphones__sink
polybar|notice:  pulseaudio: using default sink alsa_output.platform-sound.HiFi__Headphones__sink
polybar|notice:  pulseaudio: using default sink alsa_output.platform-sound.HiFi__Headphones__sink
polybar|notice:  pulseaudio: using default sink alsa_output.platform-sound.HiFi__Headphones__sink
polybar|notice:  pulseaudio: using default sink alsa_output.platform-sound.HiFi__Headphones__sink
polybar|notice:  pulseaudio: using default sink alsa_output.platform-sound.HiFi__Headphones__sink
polybar|notice:  pulseaudio: using default sink alsa_output.platform-sound.HiFi__Headphones__sink
polybar|notice:  pulseaudio: using default sink alsa_output.platform-sound.HiFi__Headphones__sink
polybar|notice:  pulseaudio: using default sink audio_effect.j313-convolver
polybar|notice:  Termination signal received, shutting down...
polybar|notice:  Parsing config file: /home/federico/.config/polybar/config.ini
polybar|notice:  Listening for IPC messages (PID: 1443)
polybar|notice:  Loading module 'filesystem' of type 'internal/fs'
polybar|notice:  Loading module 'memory' of type 'internal/memory'
polybar|notice:  Loading module 'cpu' of type 'internal/cpu'
polybar|notice:  Loading module 'battery' of type 'custom/script'
polybar|notice:  Loading module 'pulseaudio' of type 'internal/pulseaudio'
polybar|notice:  pulseaudio: using default sink audio_effect.j313-convolver
polybar|notice:  Loading module 'date' of type 'internal/date'
polybar|notice:  Loading module 'ewmh' of type 'internal/xworkspaces'
polybar|notice:  Loaded 7 modules
polybar|notice:  Loaded font "Cascadia Code:size=18" (name=Cascadia Code, offset=5, file=/usr/share/fonts/cascadia-code-fonts/CascadiaCode-Regular.otf)
polybar|notice:  Termination signal received, shutting down...
polybar|notice:  Parsing config file: /home/federico/.config/polybar/config.ini
polybar|notice:  Listening for IPC messages (PID: 1443)
polybar|notice:  Loading module 'filesystem' of type 'internal/fs'
polybar|notice:  Loading module 'memory' of type 'internal/memory'
polybar|notice:  Loading module 'cpu' of type 'internal/cpu'
polybar|notice:  Loading module 'battery' of type 'custom/script'
polybar|notice:  Loading module 'pulseaudio' of type 'internal/pulseaudio'
polybar|notice:  pulseaudio: using default sink audio_effect.j313-convolver
polybar|notice:  Loading module 'date' of type 'internal/date'
polybar|notice:  Loading module 'ewmh' of type 'internal/xworkspaces'
polybar|notice:  Loaded 7 modules
polybar|notice:  Loaded font "Cascadia Code:size=18" (name=Cascadia Code, offset=5, file=/usr/share/fonts/cascadia-code-fonts/CascadiaCode-Regular.otf)
polybar|notice:  Termination signal received, shutting down...
polybar|notice:  Parsing config file: /home/federico/.config/polybar/config.ini
polybar|notice:  Listening for IPC messages (PID: 1443)
polybar|notice:  Loading module 'filesystem' of type 'internal/fs'
polybar|notice:  Loading module 'memory' of type 'internal/memory'
polybar|notice:  Loading module 'cpu' of type 'internal/cpu'
polybar|notice:  Loading module 'battery' of type 'custom/script'
polybar|notice:  Loading module 'pulseaudio' of type 'internal/pulseaudio'
polybar|notice:  pulseaudio: using default sink audio_effect.j313-convolver
polybar|notice:  Loading module 'date' of type 'internal/date'
polybar|notice:  Loading module 'ewmh' of type 'internal/xworkspaces'
polybar|notice:  Loaded 7 modules
polybar|notice:  Loaded font "Cascadia Code:size=18" (name=Cascadia Code, offset=5, file=/usr/share/fonts/cascadia-code-fonts/CascadiaCode-Regular.otf)
polybar|notice:  Termination signal received, shutting down...
polybar|notice:  Parsing config file: /home/federico/.config/polybar/config.ini
polybar|notice:  Listening for IPC messages (PID: 1443)
polybar|notice:  Loading module 'filesystem' of type 'internal/fs'
polybar|notice:  Loading module 'memory' of type 'internal/memory'
polybar|notice:  Loading module 'cpu' of type 'internal/cpu'
polybar|notice:  Loading module 'battery' of type 'custom/script'
polybar|notice:  Loading module 'pulseaudio' of type 'internal/pulseaudio'
polybar|notice:  pulseaudio: using default sink audio_effect.j313-convolver
polybar|notice:  Loading module 'date' of type 'internal/date'
polybar|notice:  Loading module 'ewmh' of type 'internal/xworkspaces'
polybar|notice:  Loaded 7 modules
polybar|notice:  Loaded font "Cascadia Code:size=18" (name=Cascadia Code, offset=5, file=/usr/share/fonts/cascadia-code-fonts/CascadiaCode-Regular.otf)
polybar|notice:  Termination signal received, shutting down...
polybar|notice:  Parsing config file: /home/federico/.config/polybar/config.ini
polybar|notice:  Listening for IPC messages (PID: 1443)
polybar|notice:  Loading module 'filesystem' of type 'internal/fs'
polybar|notice:  Loading module 'memory' of type 'internal/memory'
polybar|notice:  Loading module 'cpu' of type 'internal/cpu'
polybar|notice:  Loading module 'battery' of type 'custom/script'
polybar|notice:  Loading module 'pulseaudio' of type 'internal/pulseaudio'
polybar|notice:  pulseaudio: using default sink audio_effect.j313-convolver
polybar|notice:  Loading module 'date' of type 'internal/date'
polybar|notice:  Loading module 'ewmh' of type 'internal/xworkspaces'
polybar|notice:  Loaded 7 modules
polybar|notice:  Loaded font "Cascadia Code:size=18" (name=Cascadia Code, offset=5, file=/usr/share/fonts/cascadia-code-fonts/CascadiaCode-Regular.otf)
polybar|notice:  Termination signal received, shutting down...
polybar|notice:  Parsing config file: /home/federico/.config/polybar/config.ini
polybar|notice:  Listening for IPC messages (PID: 1443)
polybar|notice:  Loading module 'filesystem' of type 'internal/fs'
polybar|notice:  Loading module 'memory' of type 'internal/memory'
polybar|notice:  Loading module 'cpu' of type 'internal/cpu'
polybar|notice:  Loading module 'battery' of type 'custom/script'
polybar|notice:  Loading module 'pulseaudio' of type 'internal/pulseaudio'
polybar|notice:  pulseaudio: using default sink audio_effect.j313-convolver
polybar|notice:  Loading module 'date' of type 'internal/date'
polybar|notice:  Loading module 'ewmh' of type 'internal/xworkspaces'
polybar|notice:  Loaded 7 modules
polybar|notice:  Loaded font "Cascadia Code:size=18" (name=Cascadia Code, offset=5, file=/usr/share/fonts/cascadia-code-fonts/CascadiaCode-Regular.otf)
polybar|notice:  Termination signal received, shutting down...
polybar|notice:  Parsing config file: /home/federico/.config/polybar/config.ini
polybar|notice:  Listening for IPC messages (PID: 1443)
polybar|notice:  Loading module 'filesystem' of type 'internal/fs'
polybar|notice:  Loading module 'memory' of type 'internal/memory'
polybar|notice:  Loading module 'cpu' of type 'internal/cpu'
polybar|notice:  Loading module 'battery' of type 'custom/script'
polybar|notice:  Loading module 'pulseaudio' of type 'internal/pulseaudio'
polybar|notice:  pulseaudio: using default sink audio_effect.j313-convolver
polybar|notice:  Loading module 'date' of type 'internal/date'
polybar|notice:  Loading module 'ewmh' of type 'internal/xworkspaces'
polybar|notice:  Loaded 7 modules
polybar|notice:  Loaded font "Cascadia Code:size=18" (name=Cascadia Code, offset=5, file=/usr/share/fonts/cascadia-code-fonts/CascadiaCode-Regular.otf)
polybar|notice:  Termination signal received, shutting down...
polybar|notice:  Parsing config file: /home/federico/.config/polybar/config.ini
polybar|notice:  Listening for IPC messages (PID: 1443)
polybar|notice:  Loading module 'filesystem' of type 'internal/fs'
polybar|notice:  Loading module 'memory' of type 'internal/memory'
polybar|notice:  Loading module 'cpu' of type 'internal/cpu'
polybar|notice:  Loading module 'battery' of type 'custom/script'
polybar|notice:  Loading module 'pulseaudio' of type 'internal/pulseaudio'
polybar|notice:  pulseaudio: using default sink audio_effect.j313-convolver
polybar|notice:  Loading module 'date' of type 'internal/date'
polybar|notice:  Loading module 'ewmh' of type 'internal/xworkspaces'
polybar|notice:  Loaded 7 modules
polybar|notice:  Loaded font "Cascadia Code:size=18" (name=Cascadia Code, offset=5, file=/usr/share/fonts/cascadia-code-fonts/CascadiaCode-Regular.otf)
polybar|notice:  Termination signal received, shutting down...
polybar|notice:  Parsing config file: /home/federico/.config/polybar/config.ini
polybar|notice:  Listening for IPC messages (PID: 1443)
polybar|notice:  Loading module 'filesystem' of type 'internal/fs'
polybar|notice:  Loading module 'memory' of type 'internal/memory'
polybar|notice:  Loading module 'cpu' of type 'internal/cpu'
polybar|notice:  Loading module 'battery' of type 'custom/script'
polybar|notice:  Loading module 'pulseaudio' of type 'internal/pulseaudio'
polybar|notice:  pulseaudio: using default sink audio_effect.j313-convolver
polybar|notice:  Loading module 'date' of type 'internal/date'
polybar|notice:  Loading module 'ewmh' of type 'internal/xworkspaces'
polybar|notice:  Loaded 7 modules
polybar|notice:  Loaded font "Cascadia Code:size=18" (name=Cascadia Code, offset=5, file=/usr/share/fonts/cascadia-code-fonts/CascadiaCode-Regular.otf)
polybar|notice:  Termination signal received, shutting down...
polybar|notice:  Parsing config file: /home/federico/.config/polybar/config.ini
polybar|notice:  Listening for IPC messages (PID: 1443)
polybar|notice:  Loading module 'filesystem' of type 'internal/fs'
polybar|notice:  Loading module 'memory' of type 'internal/memory'
polybar|notice:  Loading module 'cpu' of type 'internal/cpu'
polybar|notice:  Loading module 'battery' of type 'custom/script'
polybar|notice:  Loading module 'pulseaudio' of type 'internal/pulseaudio'
polybar|notice:  pulseaudio: using default sink audio_effect.j313-convolver
polybar|notice:  Loading module 'date' of type 'internal/date'
polybar|notice:  Loading module 'ewmh' of type 'internal/xworkspaces'
polybar|notice:  Loaded 7 modules
polybar|notice:  Loaded font "Cascadia Code:size=18" (name=Cascadia Code, offset=5, file=/usr/share/fonts/cascadia-code-fonts/CascadiaCode-Regular.otf)
polybar|notice:  Termination signal received, shutting down...
polybar|notice:  Parsing config file: /home/federico/.config/polybar/config.ini
polybar|notice:  Listening for IPC messages (PID: 1443)
polybar|notice:  Loading module 'filesystem' of type 'internal/fs'
polybar|notice:  Loading module 'memory' of type 'internal/memory'
polybar|notice:  Loading module 'cpu' of type 'internal/cpu'
polybar|notice:  Loading module 'battery' of type 'custom/script'
polybar|notice:  Loading module 'pulseaudio' of type 'internal/pulseaudio'
polybar|notice:  pulseaudio: using default sink audio_effect.j313-convolver
polybar|notice:  Loading module 'date' of type 'internal/date'
polybar|notice:  Loading module 'ewmh' of type 'internal/xworkspaces'
polybar|notice:  Loaded 7 modules
polybar|notice:  Loaded font "Cascadia Code:size=18" (name=Cascadia Code, offset=5, file=/usr/share/fonts/cascadia-code-fonts/CascadiaCode-Regular.otf)
polybar|notice:  Termination signal received, shutting down...
polybar|notice:  Parsing config file: /home/federico/.config/polybar/config.ini
polybar|notice:  Listening for IPC messages (PID: 1443)
polybar|notice:  Loading module 'filesystem' of type 'internal/fs'
polybar|notice:  Loading module 'memory' of type 'internal/memory'
polybar|notice:  Loading module 'cpu' of type 'internal/cpu'
polybar|notice:  Loading module 'battery' of type 'custom/script'
polybar|notice:  Loading module 'pulseaudio' of type 'internal/pulseaudio'
polybar|notice:  pulseaudio: using default sink audio_effect.j313-convolver
polybar|notice:  Loading module 'date' of type 'internal/date'
polybar|notice:  Loading module 'ewmh' of type 'internal/xworkspaces'
polybar|notice:  Loaded 7 modules
polybar|notice:  Loaded font "Cascadia Code:size=18" (name=Cascadia Code, offset=5, file=/usr/share/fonts/cascadia-code-fonts/CascadiaCode-Regular.otf)
polybar|notice:  Termination signal received, shutting down...
polybar|notice:  Parsing config file: /home/federico/.config/polybar/config.ini
polybar|notice:  Listening for IPC messages (PID: 1443)
polybar|notice:  Loading module 'filesystem' of type 'internal/fs'
polybar|notice:  Loading module 'memory' of type 'internal/memory'
polybar|notice:  Loading module 'cpu' of type 'internal/cpu'
polybar|notice:  Loading module 'battery' of type 'custom/script'
polybar|notice:  Loading module 'pulseaudio' of type 'internal/pulseaudio'
polybar|notice:  pulseaudio: using default sink audio_effect.j313-convolver
polybar|notice:  Loading module 'date' of type 'internal/date'
polybar|notice:  Loading module 'ewmh' of type 'internal/xworkspaces'
polybar|notice:  Loaded 7 modules
polybar|notice:  Loaded font "Cascadia Code:size=18" (name=Cascadia Code, offset=5, file=/usr/share/fonts/cascadia-code-fonts/CascadiaCode-Regular.otf)
polybar|notice:  Termination signal received, shutting down...
polybar|notice:  Parsing config file: /home/federico/.config/polybar/config.ini
polybar|notice:  Listening for IPC messages (PID: 1443)
polybar|notice:  Loading module 'filesystem' of type 'internal/fs'
polybar|notice:  Loading module 'memory' of type 'internal/memory'
polybar|notice:  Loading module 'cpu' of type 'internal/cpu'
polybar|notice:  Loading module 'battery' of type 'custom/script'
polybar|notice:  Loading module 'pulseaudio' of type 'internal/pulseaudio'
polybar|notice:  pulseaudio: using default sink audio_effect.j313-convolver
polybar|notice:  Loading module 'date' of type 'internal/date'
polybar|notice:  Loading module 'ewmh' of type 'internal/xworkspaces'
polybar|notice:  Loaded 7 modules
polybar|notice:  Loaded font "Cascadia Code:size=18" (name=Cascadia Code, offset=5, file=/usr/share/fonts/cascadia-code-fonts/CascadiaCode-Regular.otf)
polybar|notice:  Termination signal received, shutting down...
polybar|notice:  Parsing config file: /home/federico/.config/polybar/config.ini
polybar|notice:  Listening for IPC messages (PID: 1443)
polybar|notice:  Loading module 'filesystem' of type 'internal/fs'
polybar|notice:  Loading module 'memory' of type 'internal/memory'
polybar|notice:  Loading module 'cpu' of type 'internal/cpu'
polybar|notice:  Loading module 'battery' of type 'custom/script'
polybar|notice:  Loading module 'pulseaudio' of type 'internal/pulseaudio'
polybar|notice:  pulseaudio: using default sink audio_effect.j313-convolver
polybar|notice:  Loading module 'date' of type 'internal/date'
polybar|notice:  Loading module 'ewmh' of type 'internal/xworkspaces'
polybar|notice:  Loaded 7 modules
polybar|notice:  Loaded font "Cascadia Code:size=18" (name=Cascadia Code, offset=5, file=/usr/share/fonts/cascadia-code-fonts/CascadiaCode-Regular.otf)
polybar|notice:  Termination signal received, shutting down...
polybar|notice:  Parsing config file: /home/federico/.config/polybar/config.ini
polybar|notice:  Listening for IPC messages (PID: 1443)
polybar|notice:  Loading module 'filesystem' of type 'internal/fs'
polybar|notice:  Loading module 'memory' of type 'internal/memory'
polybar|notice:  Loading module 'cpu' of type 'internal/cpu'
polybar|notice:  Loading module 'battery' of type 'custom/script'
polybar|notice:  Loading module 'pulseaudio' of type 'internal/pulseaudio'
polybar|notice:  pulseaudio: using default sink audio_effect.j313-convolver
polybar|notice:  Loading module 'date' of type 'internal/date'
polybar|notice:  Loading module 'ewmh' of type 'internal/xworkspaces'
polybar|notice:  Loaded 7 modules
polybar|notice:  Loaded font "Cascadia Code:size=18" (name=Cascadia Code, offset=5, file=/usr/share/fonts/cascadia-code-fonts/CascadiaCode-Regular.otf)
polybar|notice:  Termination signal received, shutting down...
polybar|notice:  Parsing config file: /home/federico/.config/polybar/config.ini
polybar|notice:  Listening for IPC messages (PID: 1443)
polybar|notice:  Loading module 'filesystem' of type 'internal/fs'
polybar|notice:  Loading module 'memory' of type 'internal/memory'
polybar|notice:  Loading module 'cpu' of type 'internal/cpu'
polybar|notice:  Loading module 'battery' of type 'custom/script'
polybar|notice:  Loading module 'pulseaudio' of type 'internal/pulseaudio'
polybar|notice:  pulseaudio: using default sink audio_effect.j313-convolver
polybar|notice:  Loading module 'date' of type 'internal/date'
polybar|notice:  Loading module 'ewmh' of type 'internal/xworkspaces'
polybar|notice:  Loaded 7 modules
polybar|notice:  Loaded font "Cascadia Code:size=18" (name=Cascadia Code, offset=5, file=/usr/share/fonts/cascadia-code-fonts/CascadiaCode-Regular.otf)
polybar|notice:  Termination signal received, shutting down...
polybar|notice:  Parsing config file: /home/federico/.config/polybar/config.ini
polybar|notice:  Listening for IPC messages (PID: 1443)
polybar|notice:  Loading module 'filesystem' of type 'internal/fs'
polybar|notice:  Loading module 'memory' of type 'internal/memory'
polybar|notice:  Loading module 'cpu' of type 'internal/cpu'
polybar|notice:  Loading module 'battery' of type 'custom/script'
polybar|notice:  Loading module 'pulseaudio' of type 'internal/pulseaudio'
polybar|notice:  pulseaudio: using default sink audio_effect.j313-convolver
polybar|notice:  Loading module 'date' of type 'internal/date'
polybar|notice:  Loading module 'ewmh' of type 'internal/xworkspaces'
polybar|notice:  Loaded 7 modules
polybar|notice:  Loaded font "Cascadia Code:size=18" (name=Cascadia Code, offset=5, file=/usr/share/fonts/cascadia-code-fonts/CascadiaCode-Regular.otf)
polybar|notice:  Termination signal received, shutting down...
polybar|notice:  Parsing config file: /home/federico/.config/polybar/config.ini
polybar|notice:  Listening for IPC messages (PID: 1443)
polybar|notice:  Loading module 'filesystem' of type 'internal/fs'
polybar|notice:  Loading module 'memory' of type 'internal/memory'
polybar|notice:  Loading module 'cpu' of type 'internal/cpu'
polybar|notice:  Loading module 'battery' of type 'custom/script'
polybar|notice:  Loading module 'pulseaudio' of type 'internal/pulseaudio'
polybar|notice:  pulseaudio: using default sink audio_effect.j313-convolver
polybar|notice:  Loading module 'date' of type 'internal/date'
polybar|notice:  Loading module 'ewmh' of type 'internal/xworkspaces'
polybar|notice:  Loaded 7 modules
polybar|notice:  Loaded font "Cascadia Code:size=18" (name=Cascadia Code, offset=5, file=/usr/share/fonts/cascadia-code-fonts/CascadiaCode-Regular.otf)
polybar|notice:  Termination signal received, shutting down...
polybar|notice:  Parsing config file: /home/federico/.config/polybar/config.ini
polybar|notice:  Listening for IPC messages (PID: 1443)
polybar|notice:  Loading module 'filesystem' of type 'internal/fs'
polybar|notice:  Loading module 'memory' of type 'internal/memory'
polybar|notice:  Loading module 'cpu' of type 'internal/cpu'
polybar|notice:  Loading module 'battery' of type 'custom/script'
polybar|notice:  Loading module 'pulseaudio' of type 'internal/pulseaudio'
polybar|notice:  pulseaudio: using default sink audio_effect.j313-convolver
polybar|notice:  Loading module 'date' of type 'internal/date'
polybar|notice:  Loading module 'ewmh' of type 'internal/xworkspaces'
polybar|notice:  Loaded 7 modules
polybar|notice:  Loaded font "Cascadia Code:size=18" (name=Cascadia Code, offset=5, file=/usr/share/fonts/cascadia-code-fonts/CascadiaCode-Regular.otf)
polybar|notice:  Termination signal received, shutting down...
polybar|notice:  Parsing config file: /home/federico/.config/polybar/config.ini
polybar|notice:  Listening for IPC messages (PID: 1443)
polybar|notice:  Loading module 'filesystem' of type 'internal/fs'
polybar|notice:  Loading module 'memory' of type 'internal/memory'
polybar|notice:  Loading module 'cpu' of type 'internal/cpu'
polybar|notice:  Loading module 'battery' of type 'custom/script'
polybar|notice:  Loading module 'pulseaudio' of type 'internal/pulseaudio'
polybar|notice:  pulseaudio: using default sink audio_effect.j313-convolver
polybar|notice:  Loading module 'date' of type 'internal/date'
polybar|notice:  Loading module 'ewmh' of type 'internal/xworkspaces'
polybar|notice:  Loaded 7 modules
polybar|notice:  Loaded font "Cascadia Code:size=18" (name=Cascadia Code, offset=5, file=/usr/share/fonts/cascadia-code-fonts/CascadiaCode-Regular.otf)
polybar|notice:  Termination signal received, shutting down...
polybar|notice:  Parsing config file: /home/federico/.config/polybar/config.ini
polybar|notice:  Listening for IPC messages (PID: 1443)
polybar|notice:  Loading module 'filesystem' of type 'internal/fs'
polybar|notice:  Loading module 'memory' of type 'internal/memory'
polybar|notice:  Loading module 'cpu' of type 'internal/cpu'
polybar|notice:  Loading module 'battery' of type 'custom/script'
polybar|notice:  Loading module 'pulseaudio' of type 'internal/pulseaudio'
polybar|notice:  pulseaudio: using default sink audio_effect.j313-convolver
polybar|notice:  Loading module 'date' of type 'internal/date'
polybar|notice:  Loading module 'ewmh' of type 'internal/xworkspaces'
polybar|notice:  Loaded 7 modules
polybar|notice:  Loaded font "Cascadia Code:size=18" (name=Cascadia Code, offset=5, file=/usr/share/fonts/cascadia-code-fonts/CascadiaCode-Regular.otf)
polybar|notice:  Termination signal received, shutting down...
polybar|notice:  Parsing config file: /home/federico/.config/polybar/config.ini
polybar|notice:  Listening for IPC messages (PID: 1443)
polybar|notice:  Loading module 'filesystem' of type 'internal/fs'
polybar|notice:  Loading module 'memory' of type 'internal/memory'
polybar|notice:  Loading module 'cpu' of type 'internal/cpu'
polybar|notice:  Loading module 'battery' of type 'custom/script'
polybar|notice:  Loading module 'pulseaudio' of type 'internal/pulseaudio'
polybar|notice:  pulseaudio: using default sink audio_effect.j313-convolver
polybar|notice:  Loading module 'date' of type 'internal/date'
polybar|notice:  Loading module 'ewmh' of type 'internal/xworkspaces'
polybar|notice:  Loaded 7 modules
polybar|notice:  Loaded font "Cascadia Code:size=18" (name=Cascadia Code, offset=5, file=/usr/share/fonts/cascadia-code-fonts/CascadiaCode-Regular.otf)
polybar|notice:  Termination signal received, shutting down...
polybar|notice:  Parsing config file: /home/federico/.config/polybar/config.ini
polybar|notice:  Listening for IPC messages (PID: 1443)
polybar|notice:  Loading module 'filesystem' of type 'internal/fs'
polybar|notice:  Loading module 'memory' of type 'internal/memory'
polybar|notice:  Loading module 'cpu' of type 'internal/cpu'
polybar|notice:  Loading module 'battery' of type 'custom/script'
polybar|notice:  Loading module 'pulseaudio' of type 'internal/pulseaudio'
polybar|notice:  pulseaudio: using default sink audio_effect.j313-convolver
polybar|notice:  Loading module 'date' of type 'internal/date'
polybar|notice:  Loading module 'ewmh' of type 'internal/xworkspaces'
polybar|notice:  Loaded 7 modules
polybar|notice:  Loaded font "Cascadia Code:size=18" (name=Cascadia Code, offset=5, file=/usr/share/fonts/cascadia-code-fonts/CascadiaCode-Regular.otf)
polybar|notice:  Termination signal received, shutting down...
polybar|notice:  Parsing config file: /home/federico/.config/polybar/config.ini
polybar|notice:  Listening for IPC messages (PID: 1443)
polybar|notice:  Loading module 'filesystem' of type 'internal/fs'
polybar|notice:  Loading module 'memory' of type 'internal/memory'
polybar|notice:  Loading module 'cpu' of type 'internal/cpu'
polybar|notice:  Loading module 'battery' of type 'custom/script'
polybar|notice:  Loading module 'pulseaudio' of type 'internal/pulseaudio'
polybar|notice:  pulseaudio: using default sink audio_effect.j313-convolver
polybar|notice:  Loading module 'date' of type 'internal/date'
polybar|notice:  Loading module 'ewmh' of type 'internal/xworkspaces'
polybar|notice:  Loaded 7 modules
polybar|notice:  Loaded font "Cascadia Code:size=18" (name=Cascadia Code, offset=5, file=/usr/share/fonts/cascadia-code-fonts/CascadiaCode-Regular.otf)
polybar|notice:  Termination signal received, shutting down...
polybar|notice:  Parsing config file: /home/federico/.config/polybar/config.ini
polybar|notice:  Listening for IPC messages (PID: 1443)
polybar|notice:  Loading module 'filesystem' of type 'internal/fs'
polybar|notice:  Loading module 'memory' of type 'internal/memory'
polybar|notice:  Loading module 'cpu' of type 'internal/cpu'
polybar|notice:  Loading module 'battery' of type 'custom/script'
polybar|notice:  Loading module 'pulseaudio' of type 'internal/pulseaudio'
polybar|notice:  pulseaudio: using default sink audio_effect.j313-convolver
polybar|notice:  Loading module 'date' of type 'internal/date'
polybar|notice:  Loading module 'ewmh' of type 'internal/xworkspaces'
polybar|notice:  Loaded 7 modules
polybar|notice:  Loaded font "Cascadia Code:size=18" (name=Cascadia Code, offset=5, file=/usr/share/fonts/cascadia-code-fonts/CascadiaCode-Regular.otf)
polybar|notice:  Received signal(15): Terminated
polybar|notice:  Termination signal received, shutting down...
Launching Polybar...
polybar|notice:  Parsing config file: /home/federico/.config/polybar/config.ini
polybar|notice:  Listening for IPC messages (PID: 1437)
polybar|notice:  Loading module 'filesystem' of type 'internal/fs'
polybar|notice:  Loading module 'memory' of type 'internal/memory'
polybar|notice:  Loading module 'cpu' of type 'internal/cpu'
polybar|notice:  Loading module 'battery' of type 'custom/script'
polybar|notice:  Loading module 'pulseaudio' of type 'internal/pulseaudio'
polybar|notice:  pulseaudio: using default sink 
polybar|notice:  Loading module 'date' of type 'internal/date'
polybar|notice:  Loading module 'ewmh' of type 'internal/xworkspaces'
polybar|notice:  Loaded 7 modules
polybar|notice:  Loaded font "Cascadia Code:size=18" (name=Cascadia Code, offset=5, file=/usr/share/fonts/cascadia-code-fonts/CascadiaCode-Regular.otf)
polybar|notice:  pulseaudio: using default sink auto_null
polybar|notice:  pulseaudio: using default sink alsa_output.platform-sound.HiFi__Headphones__sink
polybar|notice:  pulseaudio: using default sink alsa_output.platform-sound.HiFi__Headphones__sink
polybar|notice:  pulseaudio: using default sink alsa_output.platform-sound.HiFi__Headphones__sink
polybar|notice:  pulseaudio: using default sink alsa_output.platform-sound.HiFi__Headphones__sink
polybar|notice:  pulseaudio: using default sink alsa_output.platform-sound.HiFi__Headphones__sink
polybar|notice:  pulseaudio: using default sink alsa_output.platform-sound.HiFi__Headphones__sink
polybar|notice:  pulseaudio: using default sink alsa_output.platform-sound.HiFi__Headphones__sink
polybar|notice:  pulseaudio: using default sink alsa_output.platform-sound.HiFi__Headphones__sink
polybar|notice:  pulseaudio: using default sink audio_effect.j313-convolver
polybar|notice:  Termination signal received, shutting down...
polybar|notice:  Parsing config file: /home/federico/.config/polybar/config.ini
polybar|notice:  Listening for IPC messages (PID: 1437)
polybar|notice:  Loading module 'filesystem' of type 'internal/fs'
polybar|notice:  Loading module 'memory' of type 'internal/memory'
polybar|notice:  Loading module 'cpu' of type 'internal/cpu'
polybar|notice:  Loading module 'battery' of type 'custom/script'
polybar|notice:  Loading module 'pulseaudio' of type 'internal/pulseaudio'
polybar|notice:  pulseaudio: using default sink audio_effect.j313-convolver
polybar|notice:  Loading module 'date' of type 'internal/date'
polybar|notice:  Loading module 'ewmh' of type 'internal/xworkspaces'
polybar|notice:  Loaded 7 modules
polybar|notice:  Loaded font "Cascadia Code:size=18" (name=Cascadia Code, offset=5, file=/usr/share/fonts/cascadia-code-fonts/CascadiaCode-Regular.otf)
polybar|notice:  Termination signal received, shutting down...
polybar|notice:  Parsing config file: /home/federico/.config/polybar/config.ini
polybar|notice:  Listening for IPC messages (PID: 1437)
polybar|notice:  Loading module 'filesystem' of type 'internal/fs'
polybar|notice:  Loading module 'memory' of type 'internal/memory'
polybar|notice:  Loading module 'cpu' of type 'internal/cpu'
polybar|notice:  Loading module 'battery' of type 'custom/script'
polybar|notice:  Loading module 'pulseaudio' of type 'internal/pulseaudio'
polybar|notice:  pulseaudio: using default sink audio_effect.j313-convolver
polybar|notice:  Loading module 'date' of type 'internal/date'
polybar|notice:  Loading module 'ewmh' of type 'internal/xworkspaces'
polybar|notice:  Loaded 7 modules
polybar|notice:  Loaded font "Cascadia Code:size=18" (name=Cascadia Code, offset=5, file=/usr/share/fonts/cascadia-code-fonts/CascadiaCode-Regular.otf)
polybar|notice:  Termination signal received, shutting down...
polybar|notice:  Parsing config file: /home/federico/.config/polybar/config.ini
polybar|notice:  Listening for IPC messages (PID: 1437)
polybar|notice:  Loading module 'filesystem' of type 'internal/fs'
polybar|notice:  Loading module 'memory' of type 'internal/memory'
polybar|notice:  Loading module 'cpu' of type 'internal/cpu'
polybar|notice:  Loading module 'battery' of type 'custom/script'
polybar|notice:  Loading module 'pulseaudio' of type 'internal/pulseaudio'
polybar|notice:  pulseaudio: using default sink audio_effect.j313-convolver
polybar|notice:  Loading module 'date' of type 'internal/date'
polybar|notice:  Loading module 'ewmh' of type 'internal/xworkspaces'
polybar|notice:  Loaded 7 modules
polybar|notice:  Loaded font "Cascadia Code:size=18" (name=Cascadia Code, offset=5, file=/usr/share/fonts/cascadia-code-fonts/CascadiaCode-Regular.otf)
polybar|notice:  Termination signal received, shutting down...
polybar|notice:  Parsing config file: /home/federico/.config/polybar/config.ini
polybar|notice:  Listening for IPC messages (PID: 1437)
polybar|notice:  Loading module 'filesystem' of type 'internal/fs'
polybar|notice:  Loading module 'memory' of type 'internal/memory'
polybar|notice:  Loading module 'cpu' of type 'internal/cpu'
polybar|notice:  Loading module 'battery' of type 'custom/script'
polybar|notice:  Loading module 'pulseaudio' of type 'internal/pulseaudio'
polybar|notice:  pulseaudio: using default sink audio_effect.j313-convolver
polybar|notice:  Loading module 'date' of type 'internal/date'
polybar|notice:  Loading module 'ewmh' of type 'internal/xworkspaces'
polybar|notice:  Loaded 7 modules
polybar|notice:  Loaded font "Cascadia Code:size=18" (name=Cascadia Code, offset=5, file=/usr/share/fonts/cascadia-code-fonts/CascadiaCode-Regular.otf)
polybar|notice:  Termination signal received, shutting down...
polybar|notice:  Parsing config file: /home/federico/.config/polybar/config.ini
polybar|notice:  Listening for IPC messages (PID: 1437)
polybar|notice:  Loading module 'filesystem' of type 'internal/fs'
polybar|notice:  Loading module 'memory' of type 'internal/memory'
polybar|notice:  Loading module 'cpu' of type 'internal/cpu'
polybar|notice:  Loading module 'battery' of type 'custom/script'
polybar|notice:  Loading module 'pulseaudio' of type 'internal/pulseaudio'
polybar|notice:  pulseaudio: using default sink audio_effect.j313-convolver
polybar|notice:  Loading module 'date' of type 'internal/date'
polybar|notice:  Loading module 'ewmh' of type 'internal/xworkspaces'
polybar|notice:  Loaded 7 modules
polybar|notice:  Loaded font "Cascadia Code:size=18" (name=Cascadia Code, offset=5, file=/usr/share/fonts/cascadia-code-fonts/CascadiaCode-Regular.otf)
polybar|notice:  Termination signal received, shutting down...
polybar|notice:  Parsing config file: /home/federico/.config/polybar/config.ini
polybar|notice:  Listening for IPC messages (PID: 1437)
polybar|notice:  Loading module 'filesystem' of type 'internal/fs'
polybar|notice:  Loading module 'memory' of type 'internal/memory'
polybar|notice:  Loading module 'cpu' of type 'internal/cpu'
polybar|notice:  Loading module 'battery' of type 'custom/script'
polybar|notice:  Loading module 'pulseaudio' of type 'internal/pulseaudio'
polybar|notice:  pulseaudio: using default sink audio_effect.j313-convolver
polybar|notice:  Loading module 'date' of type 'internal/date'
polybar|notice:  Loading module 'ewmh' of type 'internal/xworkspaces'
polybar|notice:  Loaded 7 modules
polybar|notice:  Loaded font "Cascadia Code:size=18" (name=Cascadia Code, offset=5, file=/usr/share/fonts/cascadia-code-fonts/CascadiaCode-Regular.otf)
polybar|notice:  Termination signal received, shutting down...
polybar|notice:  Parsing config file: /home/federico/.config/polybar/config.ini
polybar|notice:  Listening for IPC messages (PID: 1437)
polybar|notice:  Loading module 'filesystem' of type 'internal/fs'
polybar|notice:  Loading module 'memory' of type 'internal/memory'
polybar|notice:  Loading module 'cpu' of type 'internal/cpu'
polybar|notice:  Loading module 'battery' of type 'custom/script'
polybar|notice:  Loading module 'pulseaudio' of type 'internal/pulseaudio'
polybar|notice:  pulseaudio: using default sink audio_effect.j313-convolver
polybar|notice:  Loading module 'date' of type 'internal/date'
polybar|notice:  Loading module 'ewmh' of type 'internal/xworkspaces'
polybar|notice:  Loaded 7 modules
polybar|notice:  Loaded font "Cascadia Code:size=18" (name=Cascadia Code, offset=5, file=/usr/share/fonts/cascadia-code-fonts/CascadiaCode-Regular.otf)
polybar|notice:  Termination signal received, shutting down...
polybar|notice:  Parsing config file: /home/federico/.config/polybar/config.ini
polybar|notice:  Listening for IPC messages (PID: 1437)
polybar|notice:  Loading module 'filesystem' of type 'internal/fs'
polybar|notice:  Loading module 'memory' of type 'internal/memory'
polybar|notice:  Loading module 'cpu' of type 'internal/cpu'
polybar|notice:  Loading module 'battery' of type 'custom/script'
polybar|notice:  Loading module 'pulseaudio' of type 'internal/pulseaudio'
polybar|notice:  pulseaudio: using default sink audio_effect.j313-convolver
polybar|notice:  Loading module 'date' of type 'internal/date'
polybar|notice:  Loading module 'ewmh' of type 'internal/xworkspaces'
polybar|notice:  Loaded 7 modules
polybar|notice:  Loaded font "Cascadia Code:size=18" (name=Cascadia Code, offset=5, file=/usr/share/fonts/cascadia-code-fonts/CascadiaCode-Regular.otf)
polybar|notice:  pulseaudio: using default sink audio_effect.j313-convolver
polybar|notice:  pulseaudio: using default sink bluez_output.00_02_3C_AA_0D_B5.1
polybar|notice:  pulseaudio: using default sink alsa_output.platform-sound.HiFi__Headphones__sink
polybar|notice:  pulseaudio: using default sink alsa_output.platform-sound.HiFi__Headphones__sink
polybar|notice:  pulseaudio: using default sink alsa_output.platform-sound.HiFi__Headphones__sink
polybar|notice:  pulseaudio: using default sink audio_effect.j313-convolver
polybar|notice:  Received signal(15): Terminated
polybar|notice:  Termination signal received, shutting down...
Launching Polybar...
polybar|notice:  Parsing config file: /home/federico/.config/polybar/config.ini
polybar|notice:  Listening for IPC messages (PID: 1444)
polybar|notice:  Loading module 'filesystem' of type 'internal/fs'
polybar|notice:  Loading module 'memory' of type 'internal/memory'
polybar|notice:  Loading module 'cpu' of type 'internal/cpu'
polybar|notice:  Loading module 'battery' of type 'custom/script'
polybar|notice:  Loading module 'pulseaudio' of type 'internal/pulseaudio'
polybar|notice:  pulseaudio: using default sink 
polybar|notice:  Loading module 'date' of type 'internal/date'
polybar|notice:  Loading module 'ewmh' of type 'internal/xworkspaces'
polybar|notice:  Loaded 7 modules
polybar|notice:  Loaded font "Cascadia Code:size=18" (name=Cascadia Code, offset=5, file=/usr/share/fonts/cascadia-code-fonts/CascadiaCode-Regular.otf)
polybar|notice:  pulseaudio: using default sink auto_null
polybar|notice:  pulseaudio: using default sink auto_null
polybar|notice:  pulseaudio: using default sink auto_null
polybar|notice:  pulseaudio: using default sink alsa_output.platform-sound.HiFi__Headphones__sink
polybar|notice:  pulseaudio: using default sink alsa_output.platform-sound.HiFi__Headphones__sink
polybar|notice:  pulseaudio: using default sink alsa_output.platform-sound.HiFi__Headphones__sink
polybar|notice:  pulseaudio: using default sink alsa_output.platform-sound.HiFi__Headphones__sink
polybar|notice:  pulseaudio: using default sink alsa_output.platform-sound.HiFi__Headphones__sink
polybar|notice:  pulseaudio: using default sink alsa_output.platform-sound.HiFi__Headphones__sink
polybar|notice:  pulseaudio: using default sink audio_effect.j313-convolver
polybar|notice:  Received signal(15): Terminated
polybar|notice:  Termination signal received, shutting down...
Launching Polybar...
polybar|notice:  Parsing config file: /home/federico/.config/polybar/config.ini
polybar|notice:  Listening for IPC messages (PID: 1433)
polybar|notice:  Loading module 'filesystem' of type 'internal/fs'
polybar|notice:  Loading module 'memory' of type 'internal/memory'
polybar|notice:  Loading module 'cpu' of type 'internal/cpu'
polybar|notice:  Loading module 'battery' of type 'custom/script'
polybar|notice:  Loading module 'pulseaudio' of type 'internal/pulseaudio'
polybar|notice:  pulseaudio: using default sink 
polybar|notice:  Loading module 'date' of type 'internal/date'
polybar|notice:  Loading module 'ewmh' of type 'internal/xworkspaces'
polybar|notice:  Loaded 7 modules
polybar|notice:  Loaded font "Cascadia Code:size=18" (name=Cascadia Code, offset=5, file=/usr/share/fonts/cascadia-code-fonts/CascadiaCode-Regular.otf)
polybar|notice:  pulseaudio: using default sink auto_null
polybar|notice:  pulseaudio: using default sink alsa_output.platform-sound.HiFi__Headphones__sink
polybar|notice:  pulseaudio: using default sink alsa_output.platform-sound.HiFi__Headphones__sink
polybar|notice:  pulseaudio: using default sink alsa_output.platform-sound.HiFi__Headphones__sink
polybar|notice:  pulseaudio: using default sink alsa_output.platform-sound.HiFi__Headphones__sink
polybar|notice:  pulseaudio: using default sink alsa_output.platform-sound.HiFi__Headphones__sink
polybar|notice:  pulseaudio: using default sink alsa_output.platform-sound.HiFi__Headphones__sink
polybar|notice:  pulseaudio: using default sink alsa_output.platform-sound.HiFi__Headphones__sink
polybar|notice:  pulseaudio: using default sink alsa_output.platform-sound.HiFi__Headphones__sink
polybar|notice:  pulseaudio: using default sink audio_effect.j313-convolver
polybar|notice:  Received signal(15): Terminated
polybar|notice:  Termination signal received, shutting down...
Launching Polybar...
polybar|notice:  Parsing config file: /home/federico/.config/polybar/config.ini
polybar|notice:  Listening for IPC messages (PID: 1434)
polybar|notice:  Loading module 'filesystem' of type 'internal/fs'
polybar|notice:  Loading module 'memory' of type 'internal/memory'
polybar|notice:  Loading module 'cpu' of type 'internal/cpu'
polybar|notice:  Loading module 'battery' of type 'custom/script'
polybar|notice:  Loading module 'pulseaudio' of type 'internal/pulseaudio'
polybar|notice:  pulseaudio: using default sink 
polybar|notice:  Loading module 'date' of type 'internal/date'
polybar|notice:  Loading module 'ewmh' of type 'internal/xworkspaces'
polybar|notice:  Loaded 7 modules
polybar|notice:  Loaded font "Cascadia Code:size=18" (name=Cascadia Code, offset=5, file=/usr/share/fonts/cascadia-code-fonts/CascadiaCode-Regular.otf)
polybar|notice:  pulseaudio: using default sink auto_null
polybar|notice:  pulseaudio: using default sink alsa_output.platform-sound.HiFi__Headphones__sink
polybar|notice:  pulseaudio: using default sink alsa_output.platform-sound.HiFi__Headphones__sink
polybar|notice:  pulseaudio: using default sink alsa_output.platform-sound.HiFi__Headphones__sink
polybar|notice:  pulseaudio: using default sink alsa_output.platform-sound.HiFi__Headphones__sink
polybar|notice:  pulseaudio: using default sink alsa_output.platform-sound.HiFi__Headphones__sink
polybar|notice:  pulseaudio: using default sink alsa_output.platform-sound.HiFi__Headphones__sink
polybar|notice:  pulseaudio: using default sink alsa_output.platform-sound.HiFi__Headphones__sink
polybar|notice:  pulseaudio: using default sink alsa_output.platform-sound.HiFi__Headphones__sink
polybar|notice:  pulseaudio: using default sink audio_effect.j313-convolver
polybar|notice:  Received signal(15): Terminated
polybar|notice:  Termination signal received, shutting down...
Launching Polybar...
polybar|notice:  Parsing config file: /home/federico/.config/polybar/config.ini
polybar|notice:  Listening for IPC messages (PID: 1440)
polybar|notice:  Loading module 'filesystem' of type 'internal/fs'
polybar|notice:  Loading module 'memory' of type 'internal/memory'
polybar|notice:  Loading module 'cpu' of type 'internal/cpu'
polybar|notice:  Loading module 'battery' of type 'custom/script'
polybar|notice:  Loading module 'pulseaudio' of type 'internal/pulseaudio'
polybar|notice:  pulseaudio: using default sink 
polybar|notice:  Loading module 'date' of type 'internal/date'
polybar|notice:  Loading module 'ewmh' of type 'internal/xworkspaces'
polybar|notice:  Loaded 7 modules
polybar|notice:  Loaded font "Cascadia Code:size=18" (name=Cascadia Code, offset=5, file=/usr/share/fonts/cascadia-code-fonts/CascadiaCode-Regular.otf)
polybar|notice:  pulseaudio: using default sink auto_null
polybar|notice:  pulseaudio: using default sink alsa_output.platform-sound.HiFi__Headphones__sink
polybar|notice:  pulseaudio: using default sink alsa_output.platform-sound.HiFi__Headphones__sink
polybar|notice:  pulseaudio: using default sink alsa_output.platform-sound.HiFi__Headphones__sink
polybar|notice:  pulseaudio: using default sink alsa_output.platform-sound.HiFi__Headphones__sink
polybar|notice:  pulseaudio: using default sink alsa_output.platform-sound.HiFi__Headphones__sink
polybar|notice:  pulseaudio: using default sink alsa_output.platform-sound.HiFi__Headphones__sink
polybar|notice:  pulseaudio: using default sink alsa_output.platform-sound.HiFi__Headphones__sink
polybar|notice:  pulseaudio: using default sink audio_effect.j313-convolver
polybar|notice:  Received signal(15): Terminated
polybar|notice:  Termination signal received, shutting down...
Launching Polybar...
polybar|notice:  Parsing config file: /home/federico/.config/polybar/config.ini
polybar|notice:  Listening for IPC messages (PID: 1461)
polybar|notice:  Loading module 'filesystem' of type 'internal/fs'
polybar|notice:  Loading module 'memory' of type 'internal/memory'
polybar|notice:  Loading module 'cpu' of type 'internal/cpu'
polybar|notice:  Loading module 'battery' of type 'custom/script'
polybar|notice:  Loading module 'pulseaudio' of type 'internal/pulseaudio'
polybar|notice:  pulseaudio: using default sink 
polybar|notice:  Loading module 'date' of type 'internal/date'
polybar|notice:  Loading module 'ewmh' of type 'internal/xworkspaces'
polybar|notice:  Loaded 7 modules
polybar|notice:  Loaded font "Cascadia Code:size=18" (name=Cascadia Code, offset=5, file=/usr/share/fonts/cascadia-code-fonts/CascadiaCode-Regular.otf)
polybar|notice:  pulseaudio: using default sink auto_null
polybar|notice:  pulseaudio: using default sink alsa_output.platform-sound.HiFi__Headphones__sink
polybar|notice:  pulseaudio: using default sink alsa_output.platform-sound.HiFi__Headphones__sink
polybar|notice:  pulseaudio: using default sink alsa_output.platform-sound.HiFi__Headphones__sink
polybar|notice:  pulseaudio: using default sink alsa_output.platform-sound.HiFi__Headphones__sink
polybar|notice:  pulseaudio: using default sink alsa_output.platform-sound.HiFi__Headphones__sink
polybar|notice:  pulseaudio: using default sink alsa_output.platform-sound.HiFi__Headphones__sink
polybar|notice:  pulseaudio: using default sink alsa_output.platform-sound.HiFi__Headphones__sink
polybar|notice:  pulseaudio: using default sink alsa_output.platform-sound.HiFi__Headphones__sink
polybar|notice:  pulseaudio: using default sink audio_effect.j313-convolver
polybar|notice:  Received signal(15): Terminated
polybar|notice:  Termination signal received, shutting down...
Launching Polybar...
polybar|notice:  Parsing config file: /home/federico/.config/polybar/config.ini
polybar|notice:  Listening for IPC messages (PID: 1430)
polybar|notice:  Loading module 'filesystem' of type 'internal/fs'
polybar|notice:  Loading module 'memory' of type 'internal/memory'
polybar|notice:  Loading module 'cpu' of type 'internal/cpu'
polybar|notice:  Loading module 'battery' of type 'custom/script'
polybar|notice:  Loading module 'pulseaudio' of type 'internal/pulseaudio'
polybar|notice:  pulseaudio: using default sink 
polybar|notice:  Loading module 'date' of type 'internal/date'
polybar|notice:  Loading module 'ewmh' of type 'internal/xworkspaces'
polybar|notice:  Loaded 7 modules
polybar|notice:  Loaded font "Cascadia Code:size=18" (name=Cascadia Code, offset=5, file=/usr/share/fonts/cascadia-code-fonts/CascadiaCode-Regular.otf)
polybar|notice:  pulseaudio: using default sink auto_null
polybar|notice:  pulseaudio: using default sink alsa_output.platform-sound.HiFi__Headphones__sink
polybar|notice:  pulseaudio: using default sink alsa_output.platform-sound.HiFi__Headphones__sink
polybar|notice:  pulseaudio: using default sink alsa_output.platform-sound.HiFi__Headphones__sink
polybar|notice:  pulseaudio: using default sink alsa_output.platform-sound.HiFi__Headphones__sink
polybar|notice:  pulseaudio: using default sink alsa_output.platform-sound.HiFi__Headphones__sink
polybar|notice:  pulseaudio: using default sink alsa_output.platform-sound.HiFi__Headphones__sink
polybar|notice:  pulseaudio: using default sink alsa_output.platform-sound.HiFi__Headphones__sink
polybar|notice:  pulseaudio: using default sink alsa_output.platform-sound.HiFi__Headphones__sink
polybar|notice:  pulseaudio: using default sink audio_effect.j313-convolver
polybar|error: libuv error while polling X connection: bad file descriptor
polybar|notice:  Termination signal received, shutting down...
Launching Polybar...
polybar|notice:  Parsing config file: /home/federico/.config/polybar/config.ini
polybar|notice:  Listening for IPC messages (PID: 2920)
polybar|notice:  Loading module 'filesystem' of type 'internal/fs'
polybar|notice:  Loading module 'memory' of type 'internal/memory'
polybar|notice:  Loading module 'cpu' of type 'internal/cpu'
polybar|notice:  Loading module 'battery' of type 'custom/script'
polybar|notice:  Loading module 'pulseaudio' of type 'internal/pulseaudio'
polybar|notice:  pulseaudio: using default sink audio_effect.j313-convolver
polybar|notice:  Loading module 'date' of type 'internal/date'
polybar|notice:  Loading module 'ewmh' of type 'internal/xworkspaces'
polybar|notice:  Loaded 7 modules
polybar|notice:  Loaded font "Cascadia Code:size=18" (name=Cascadia Code, offset=5, file=/usr/share/fonts/cascadia-code-fonts/CascadiaCode-Regular.otf)
Launching Polybar...
polybar|notice:  Parsing config file: /home/federico/.config/polybar/config.ini
polybar|notice:  Listening for IPC messages (PID: 3882)
polybar|notice:  Loading module 'filesystem' of type 'internal/fs'
polybar|notice:  Loading module 'memory' of type 'internal/memory'
polybar|notice:  Loading module 'cpu' of type 'internal/cpu'
polybar|notice:  Loading module 'battery' of type 'custom/script'
polybar|notice:  Loading module 'pulseaudio' of type 'internal/pulseaudio'
polybar|notice:  pulseaudio: using default sink audio_effect.j313-convolver
polybar|notice:  Loading module 'date' of type 'internal/date'
polybar|notice:  Loading module 'ewmh' of type 'internal/xworkspaces'
polybar|notice:  Loaded 7 modules
polybar|notice:  Loaded font "Cascadia Code:size=18" (name=Cascadia Code, offset=5, file=/usr/share/fonts/cascadia-code-fonts/CascadiaCode-Regular.otf)
polybar|error: libuv error while polling X connection: bad file descriptor
polybar|notice:  Termination signal received, shutting down...
Launching Polybar...
polybar|notice:  Parsing config file: /home/federico/.config/polybar/config.ini
polybar|notice:  Listening for IPC messages (PID: 4822)
polybar|notice:  Loading module 'filesystem' of type 'internal/fs'
polybar|notice:  Loading module 'memory' of type 'internal/memory'
polybar|notice:  Loading module 'cpu' of type 'internal/cpu'
polybar|notice:  Loading module 'battery' of type 'custom/script'
polybar|notice:  Loading module 'pulseaudio' of type 'internal/pulseaudio'
polybar|notice:  pulseaudio: using default sink audio_effect.j313-convolver
polybar|notice:  Loading module 'date' of type 'internal/date'
polybar|notice:  Loading module 'ewmh' of type 'internal/xworkspaces'
polybar|notice:  Loaded 7 modules
polybar|notice:  Loaded font "Cascadia Code:size=18" (name=Cascadia Code, offset=5, file=/usr/share/fonts/cascadia-code-fonts/CascadiaCode-Regular.otf)
polybar|error: libuv error while polling X connection: bad file descriptor
polybar|notice:  Termination signal received, shutting down...
Launching Polybar...
polybar|notice:  Parsing config file: /home/federico/.config/polybar/config.ini
polybar|notice:  Listening for IPC messages (PID: 5769)
polybar|notice:  Loading module 'filesystem' of type 'internal/fs'
polybar|notice:  Loading module 'memory' of type 'internal/memory'
polybar|notice:  Loading module 'cpu' of type 'internal/cpu'
polybar|notice:  Loading module 'battery' of type 'custom/script'
polybar|notice:  Loading module 'pulseaudio' of type 'internal/pulseaudio'
polybar|notice:  pulseaudio: using default sink audio_effect.j313-convolver
polybar|notice:  Loading module 'date' of type 'internal/date'
polybar|notice:  Loading module 'ewmh' of type 'internal/xworkspaces'
polybar|notice:  Loaded 7 modules
polybar|notice:  Loaded font "Cascadia Code:size=18" (name=Cascadia Code, offset=5, file=/usr/share/fonts/cascadia-code-fonts/CascadiaCode-Regular.otf)
polybar|error: X connection error, terminating... (what: Socket, pipe or stream error)
polybar|notice:  Termination signal received, shutting down...
Launching Polybar...
polybar|notice:  Parsing config file: /home/federico/.config/polybar/config.ini
polybar|notice:  Listening for IPC messages (PID: 6249)
polybar|notice:  Loading module 'filesystem' of type 'internal/fs'
polybar|notice:  Loading module 'memory' of type 'internal/memory'
polybar|notice:  Loading module 'cpu' of type 'internal/cpu'
polybar|notice:  Loading module 'battery' of type 'custom/script'
polybar|notice:  Loading module 'pulseaudio' of type 'internal/pulseaudio'
polybar|error: Disabling module "pulseaudio" (reason: Could not connect to pulseaudio server.)
polybar|notice:  Loading module 'date' of type 'internal/date'
polybar|notice:  Loading module 'ewmh' of type 'internal/xworkspaces'
polybar|notice:  Loaded 6 modules
polybar|notice:  Loaded font "Cascadia Code:size=18" (name=Cascadia Code, offset=5, file=/usr/share/fonts/cascadia-code-fonts/CascadiaCode-Regular.otf)
polybar|error: libuv error while polling X connection: bad file descriptor
polybar|notice:  Termination signal received, shutting down...
Launching Polybar...
polybar|notice:  Parsing config file: /home/federico/.config/polybar/config.ini
polybar|notice:  Listening for IPC messages (PID: 6672)
polybar|notice:  Loading module 'filesystem' of type 'internal/fs'
polybar|notice:  Loading module 'memory' of type 'internal/memory'
polybar|notice:  Loading module 'cpu' of type 'internal/cpu'
polybar|notice:  Loading module 'battery' of type 'custom/script'
polybar|notice:  Loading module 'pulseaudio' of type 'internal/pulseaudio'
polybar|notice:  pulseaudio: using default sink 
polybar|notice:  Loading module 'date' of type 'internal/date'
polybar|notice:  Loading module 'ewmh' of type 'internal/xworkspaces'
polybar|notice:  Loaded 7 modules
polybar|notice:  Loaded font "Cascadia Code:size=18" (name=Cascadia Code, offset=5, file=/usr/share/fonts/cascadia-code-fonts/CascadiaCode-Regular.otf)
polybar|notice:  Received signal(15): Terminated
polybar|notice:  Termination signal received, shutting down...
Launching Polybar...
polybar|notice:  Parsing config file: /home/federico/.config/polybar/config.ini
polybar|notice:  Listening for IPC messages (PID: 1539)
polybar|notice:  Loading module 'filesystem' of type 'internal/fs'
polybar|notice:  Loading module 'memory' of type 'internal/memory'
polybar|notice:  Loading module 'cpu' of type 'internal/cpu'
polybar|notice:  Loading module 'battery' of type 'custom/script'
polybar|notice:  Loading module 'pulseaudio' of type 'internal/pulseaudio'
polybar|notice:  pulseaudio: using default sink 
polybar|notice:  Loading module 'date' of type 'internal/date'
polybar|notice:  Loading module 'ewmh' of type 'internal/xworkspaces'
polybar|notice:  Loaded 7 modules
polybar|notice:  Loaded font "Cascadia Code:size=18" (name=Cascadia Code, offset=5, file=/usr/share/fonts/cascadia-code-fonts/CascadiaCode-Regular.otf)
polybar|notice:  pulseaudio: using default sink auto_null
polybar|notice:  pulseaudio: using default sink alsa_output.platform-sound.HiFi__Headphones__sink
polybar|notice:  pulseaudio: using default sink alsa_output.platform-sound.HiFi__Headphones__sink
polybar|notice:  pulseaudio: using default sink alsa_output.platform-sound.HiFi__Headphones__sink
polybar|notice:  pulseaudio: using default sink alsa_output.platform-sound.HiFi__Headphones__sink
polybar|notice:  pulseaudio: using default sink alsa_output.platform-sound.HiFi__Headphones__sink
polybar|notice:  pulseaudio: using default sink alsa_output.platform-sound.HiFi__Headphones__sink
polybar|notice:  pulseaudio: using default sink alsa_output.platform-sound.HiFi__Headphones__sink
polybar|notice:  pulseaudio: using default sink alsa_output.platform-sound.HiFi__Headphones__sink
polybar|notice:  pulseaudio: using default sink audio_effect.j313-convolver
polybar|notice:  Termination signal received, shutting down...
polybar|notice:  Parsing config file: /home/federico/.config/polybar/config.ini
polybar|notice:  Listening for IPC messages (PID: 1539)
polybar|notice:  Loading module 'filesystem' of type 'internal/fs'
polybar|notice:  Loading module 'memory' of type 'internal/memory'
polybar|notice:  Loading module 'cpu' of type 'internal/cpu'
polybar|notice:  Loading module 'battery' of type 'custom/script'
polybar|notice:  Loading module 'pulseaudio' of type 'internal/pulseaudio'
polybar|notice:  pulseaudio: using default sink audio_effect.j313-convolver
polybar|notice:  Loading module 'date' of type 'internal/date'
polybar|notice:  Loading module 'ewmh' of type 'internal/xworkspaces'
polybar|notice:  Loaded 7 modules
polybar|notice:  Loaded font "Cascadia Code:size=18" (name=Cascadia Code, offset=5, file=/usr/share/fonts/cascadia-code-fonts/CascadiaCode-Regular.otf)
polybar|notice:  Received signal(15): Terminated
polybar|notice:  Termination signal received, shutting down...
Launching Polybar...
polybar|notice:  Parsing config file: /home/federico/.config/polybar/config.ini
polybar|notice:  Listening for IPC messages (PID: 1483)
polybar|notice:  Loading module 'filesystem' of type 'internal/fs'
polybar|notice:  Loading module 'memory' of type 'internal/memory'
polybar|notice:  Loading module 'cpu' of type 'internal/cpu'
polybar|notice:  Loading module 'battery' of type 'custom/script'
polybar|notice:  Loading module 'pulseaudio' of type 'internal/pulseaudio'
polybar|notice:  pulseaudio: using default sink 
polybar|notice:  Loading module 'date' of type 'internal/date'
polybar|notice:  Loading module 'ewmh' of type 'internal/xworkspaces'
polybar|notice:  Loaded 7 modules
polybar|notice:  Loaded font "Cascadia Code:size=18" (name=Cascadia Code, offset=5, file=/usr/share/fonts/cascadia-code-fonts/CascadiaCode-Regular.otf)
polybar|notice:  pulseaudio: using default sink auto_null
polybar|notice:  pulseaudio: using default sink alsa_output.platform-sound.HiFi__Headphones__sink
polybar|notice:  pulseaudio: using default sink alsa_output.platform-sound.HiFi__Headphones__sink
polybar|notice:  pulseaudio: using default sink alsa_output.platform-sound.HiFi__Headphones__sink
polybar|notice:  pulseaudio: using default sink alsa_output.platform-sound.HiFi__Headphones__sink
polybar|notice:  pulseaudio: using default sink alsa_output.platform-sound.HiFi__Headphones__sink
polybar|notice:  pulseaudio: using default sink alsa_output.platform-sound.HiFi__Headphones__sink
polybar|notice:  pulseaudio: using default sink alsa_output.platform-sound.HiFi__Headphones__sink
polybar|notice:  pulseaudio: using default sink alsa_output.platform-sound.HiFi__Headphones__sink
polybar|notice:  pulseaudio: using default sink audio_effect.j313-convolver
polybar|notice:  Received signal(15): Terminated
polybar|notice:  Termination signal received, shutting down...
Launching Polybar...
polybar|notice:  Parsing config file: /home/federico/.config/polybar/config.ini
polybar|notice:  Listening for IPC messages (PID: 1427)
polybar|notice:  Loading module 'filesystem' of type 'internal/fs'
polybar|notice:  Loading module 'memory' of type 'internal/memory'
polybar|notice:  Loading module 'cpu' of type 'internal/cpu'
polybar|notice:  Loading module 'battery' of type 'custom/script'
polybar|notice:  Loading module 'pulseaudio' of type 'internal/pulseaudio'
polybar|notice:  pulseaudio: using default sink 
polybar|notice:  Loading module 'date' of type 'internal/date'
polybar|notice:  Loading module 'ewmh' of type 'internal/xworkspaces'
polybar|notice:  Loaded 7 modules
polybar|notice:  Loaded font "Cascadia Code:size=18" (name=Cascadia Code, offset=5, file=/usr/share/fonts/cascadia-code-fonts/CascadiaCode-Regular.otf)
polybar|notice:  pulseaudio: using default sink auto_null
polybar|notice:  pulseaudio: using default sink alsa_output.platform-sound.HiFi__Headphones__sink
polybar|notice:  pulseaudio: using default sink alsa_output.platform-sound.HiFi__Headphones__sink
polybar|notice:  pulseaudio: using default sink alsa_output.platform-sound.HiFi__Headphones__sink
polybar|notice:  pulseaudio: using default sink alsa_output.platform-sound.HiFi__Headphones__sink
polybar|notice:  pulseaudio: using default sink alsa_output.platform-sound.HiFi__Headphones__sink
polybar|notice:  pulseaudio: using default sink alsa_output.platform-sound.HiFi__Headphones__sink
polybar|notice:  pulseaudio: using default sink alsa_output.platform-sound.HiFi__Headphones__sink
polybar|notice:  pulseaudio: using default sink alsa_output.platform-sound.HiFi__Headphones__sink
polybar|notice:  pulseaudio: using default sink audio_effect.j313-convolver
polybar|notice:  Termination signal received, shutting down...
polybar|notice:  Parsing config file: /home/federico/.config/polybar/config.ini
polybar|notice:  Listening for IPC messages (PID: 1427)
polybar|notice:  Loading module 'filesystem' of type 'internal/fs'
polybar|notice:  Loading module 'memory' of type 'internal/memory'
polybar|notice:  Loading module 'cpu' of type 'internal/cpu'
polybar|notice:  Loading module 'battery' of type 'custom/script'
polybar|notice:  Loading module 'pulseaudio' of type 'internal/pulseaudio'
polybar|notice:  pulseaudio: using default sink audio_effect.j313-convolver
polybar|notice:  Loading module 'date' of type 'internal/date'
polybar|notice:  Loading module 'ewmh' of type 'internal/xworkspaces'
polybar|notice:  Loaded 7 modules
polybar|notice:  Loaded font "Cascadia Code:size=18" (name=Cascadia Code, offset=5, file=/usr/share/fonts/cascadia-code-fonts/CascadiaCode-Regular.otf)
polybar|notice:  Termination signal received, shutting down...
polybar|notice:  Parsing config file: /home/federico/.config/polybar/config.ini
polybar|notice:  Listening for IPC messages (PID: 1427)
polybar|notice:  Loading module 'filesystem' of type 'internal/fs'
polybar|notice:  Loading module 'memory' of type 'internal/memory'
polybar|notice:  Loading module 'cpu' of type 'internal/cpu'
polybar|notice:  Loading module 'battery' of type 'custom/script'
polybar|notice:  Loading module 'pulseaudio' of type 'internal/pulseaudio'
polybar|notice:  pulseaudio: using default sink audio_effect.j313-convolver
polybar|notice:  Loading module 'date' of type 'internal/date'
polybar|notice:  Loading module 'ewmh' of type 'internal/xworkspaces'
polybar|notice:  Loaded 7 modules
polybar|notice:  Loaded font "Cascadia Code:size=18" (name=Cascadia Code, offset=5, file=/usr/share/fonts/cascadia-code-fonts/CascadiaCode-Regular.otf)
polybar|notice:  Termination signal received, shutting down...
polybar|notice:  Parsing config file: /home/federico/.config/polybar/config.ini
polybar|notice:  Listening for IPC messages (PID: 1427)
polybar|notice:  Loading module 'filesystem' of type 'internal/fs'
polybar|notice:  Loading module 'memory' of type 'internal/memory'
polybar|notice:  Loading module 'cpu' of type 'internal/cpu'
polybar|notice:  Loading module 'battery' of type 'custom/script'
polybar|notice:  Loading module 'pulseaudio' of type 'internal/pulseaudio'
polybar|notice:  pulseaudio: using default sink audio_effect.j313-convolver
polybar|notice:  Loading module 'date' of type 'internal/date'
polybar|notice:  Loading module 'ewmh' of type 'internal/xworkspaces'
polybar|notice:  Loaded 7 modules
polybar|notice:  Loaded font "Cascadia Code:size=18" (name=Cascadia Code, offset=5, file=/usr/share/fonts/cascadia-code-fonts/CascadiaCode-Regular.otf)
polybar|notice:  Termination signal received, shutting down...
polybar|notice:  Parsing config file: /home/federico/.config/polybar/config.ini
polybar|notice:  Listening for IPC messages (PID: 1427)
polybar|notice:  Loading module 'filesystem' of type 'internal/fs'
polybar|notice:  Loading module 'memory' of type 'internal/memory'
polybar|notice:  Loading module 'cpu' of type 'internal/cpu'
polybar|notice:  Loading module 'battery' of type 'custom/script'
polybar|notice:  Loading module 'pulseaudio' of type 'internal/pulseaudio'
polybar|notice:  pulseaudio: using default sink audio_effect.j313-convolver
polybar|notice:  Loading module 'date' of type 'internal/date'
polybar|notice:  Loading module 'ewmh' of type 'internal/xworkspaces'
polybar|notice:  Loaded 7 modules
polybar|notice:  Loaded font "Cascadia Code:size=18" (name=Cascadia Code, offset=5, file=/usr/share/fonts/cascadia-code-fonts/CascadiaCode-Regular.otf)
polybar|notice:  Received signal(15): Terminated
polybar|notice:  Termination signal received, shutting down...
Launching Polybar...
polybar|notice:  Parsing config file: /home/federico/.config/polybar/config.ini
polybar|notice:  Listening for IPC messages (PID: 1528)
polybar|notice:  Loading module 'filesystem' of type 'internal/fs'
polybar|notice:  Loading module 'memory' of type 'internal/memory'
polybar|notice:  Loading module 'cpu' of type 'internal/cpu'
polybar|notice:  Loading module 'battery' of type 'custom/script'
polybar|notice:  Loading module 'pulseaudio' of type 'internal/pulseaudio'
polybar|notice:  pulseaudio: using default sink 
polybar|notice:  Loading module 'date' of type 'internal/date'
polybar|notice:  Loading module 'ewmh' of type 'internal/xworkspaces'
polybar|notice:  Loaded 7 modules
polybar|notice:  Loaded font "Cascadia Code:size=18" (name=Cascadia Code, offset=5, file=/usr/share/fonts/cascadia-code-fonts/CascadiaCode-Regular.otf)
polybar|notice:  pulseaudio: using default sink auto_null
polybar|notice:  pulseaudio: using default sink alsa_output.platform-sound.HiFi__Headphones__sink
polybar|notice:  pulseaudio: using default sink alsa_output.platform-sound.HiFi__Headphones__sink
polybar|notice:  pulseaudio: using default sink alsa_output.platform-sound.HiFi__Headphones__sink
polybar|notice:  pulseaudio: using default sink alsa_output.platform-sound.HiFi__Headphones__sink
polybar|notice:  pulseaudio: using default sink alsa_output.platform-sound.HiFi__Headphones__sink
polybar|notice:  pulseaudio: using default sink alsa_output.platform-sound.HiFi__Headphones__sink
polybar|notice:  pulseaudio: using default sink alsa_output.platform-sound.HiFi__Headphones__sink
polybar|notice:  pulseaudio: using default sink alsa_output.platform-sound.HiFi__Headphones__sink
polybar|notice:  pulseaudio: using default sink audio_effect.j313-convolver
polybar|notice:  Received signal(15): Terminated
polybar|notice:  Termination signal received, shutting down...
Launching Polybar...
polybar|notice:  Parsing config file: /home/federico/.config/polybar/config.ini
polybar|notice:  Listening for IPC messages (PID: 1524)
polybar|notice:  Loading module 'filesystem' of type 'internal/fs'
polybar|notice:  Loading module 'memory' of type 'internal/memory'
polybar|notice:  Loading module 'cpu' of type 'internal/cpu'
polybar|notice:  Loading module 'battery' of type 'custom/script'
polybar|notice:  Loading module 'pulseaudio' of type 'internal/pulseaudio'
polybar|notice:  pulseaudio: using default sink 
polybar|notice:  Loading module 'date' of type 'internal/date'
polybar|notice:  Loading module 'ewmh' of type 'internal/xworkspaces'
polybar|notice:  Loaded 7 modules
polybar|notice:  Loaded font "Cascadia Code:size=18" (name=Cascadia Code, offset=5, file=/usr/share/fonts/cascadia-code-fonts/CascadiaCode-Regular.otf)
polybar|notice:  pulseaudio: using default sink auto_null
polybar|notice:  pulseaudio: using default sink alsa_output.platform-sound.HiFi__Headphones__sink
polybar|notice:  pulseaudio: using default sink alsa_output.platform-sound.HiFi__Headphones__sink
polybar|notice:  pulseaudio: using default sink alsa_output.platform-sound.HiFi__Headphones__sink
polybar|notice:  pulseaudio: using default sink alsa_output.platform-sound.HiFi__Headphones__sink
polybar|notice:  pulseaudio: using default sink alsa_output.platform-sound.HiFi__Headphones__sink
polybar|notice:  pulseaudio: using default sink alsa_output.platform-sound.HiFi__Headphones__sink
polybar|notice:  pulseaudio: using default sink alsa_output.platform-sound.HiFi__Headphones__sink
polybar|notice:  pulseaudio: using default sink alsa_output.platform-sound.HiFi__Headphones__sink
polybar|notice:  pulseaudio: using default sink audio_effect.j313-convolver
